# see org.languagetool.rules.de.SuggestionRegressionTest to use this
abegegen => abgegeben, belegen, bewegen, Ablegegen, abgeben, ablege-gen, begegnen, ablegen, begeben, begehen, abgelegen, abbiegen, abgehen, abwegigen, begegne, abliegen, abregen, abscheren, abschälen, abwiegen
ABSCHLUSSZEUGNISES => 
Abyss => Apsis, Spaß, Abtes, Abgas, Ablass, Amboss, Bass, Abels, Abguss, Biss, Asyls, Abcs, Abis, Abos, Abriss, Abs., Apps, Ass, Seyß, Babys
Abysses => Ulysses, Abrisses, Abgases, Ablasses, Abgusses, Ambosses, Asses, Spaßes, Abesse, Abessen
ADP => FDP, AKP, NDP, AGP, AG, Amt, Art, DDR, SPD, CD, CDU, DB, KPD, ARD, Abt, Ali, CDs, HD, NDR, PDS
agentureigenen => 
alkoholikertyischen => 
Alkolenkerin => Autolenkerin
Ampass => Am pass, Amboss, Anlass, Umbaus, Abbaus, Ablass, Albans, Anbaus, Imbiss, Kompass, Pass, Albas, Ambons, Ambosse, Ammans, Bypass, Zupass, Amways, Anpasst, Absaß
Andreastag => Andreasnacht
Andrin => An drin, Andria, Anteil, Anton, André, Antrag, Andrea, Autorin, Adria, Adrian, Anden, Andrés, Astrid, Katrin, Drin, Andrang, Android, Anilin, Andren, Inderin
Angehörigearbeit => Angehörigenarbeit
ankumfs => ankämpft, Beckums, ankämpfe, ankämpfst
Anmledung.. => 
anonymste => anonyme
anrufgen.für => Anrufgen.für
antisemitistischen => antifeministischen
Anwendungstips => Anwendungstrips, Anwendungstyps, Anwendungstier, Anwendungstipp, Anwendungsteins, Anwendungstipps, Anwendungspins, Anwendungstyp, Anwendungstube, Anwendungsteils, Anwendungsteigs, Anwendungstypen, Anwendungstick, Anwendungsticks, Anwendungstopp, Anwendungstrip, Anwendungsgips, Anwendungstype, Anwendungstypus, Anwendungseis
Apelt => Abel, Abels, Abend, Spielt, Welt, Hielt, Spät, Abt, Adel, Adels, Apple, Aspekt, Axel, Opel, Zielt, Ebert, Übel, Apfel, Apolda, Appell
Aquesation => 
arbeitsanreizneutral => 
arbeitswirtschaftlichen => 
Arbeitszeitne => Arbeitsteine, Arbeitszeiten, Arbeitszeit, Arbeitsleine, Arbeitsseite, Arbeitszeitung, Arbeitsseiten, Arbeitsweite, Arbeitsweiten, Arbeitsheide, Arbeitsleiden, Arbeitsleiten, Arbeitsbeine, Arbeitsweine, Arbeitszeile, Arbeitszeilen, Arbeitszähne, Arbeitsheiden, Arbeitssaiten, Arbeitsseide
architektureigenen => 
Armutsflütlinge => Armutsflüchtlinge, Armutsfindlinge, Armutspfleglinge, Armutsflutlinie, Armutsfrühlinge
Artwork => Artwerk, Artwort, Artyork, Antwort, Artvolk, Artrock, Erdwerk, Artwrack, Astwerk, Artkork, Altvolk, Artvor-, Altwerk, Artword, Ardorf, Artburg, Artworte, Artform, Artberg, Artdorf
Athocave => Atomare, Atonale
aufftritte => aufritte, Auftritte, Luftritte, auftritt, Duftritte, Lufttritte, Huftritte, Ruftritte, Kauftritte, Lauftritte, Wurftritte, Dufttritte, Zupftritte
ausenwelt => Pausenwelt, Außenwelt, Busenwelt, auserwählt, Außenfeld, Augenwelt, Außenwert, Judenwelt, Außenzelt, Eisenwelt, Pausenwert, Rassenwelt, auspendelt, Hosenwelt, Massenwelt, Rosenwelt, Arsenwelt, Daumenwelt, Dosenwelt, Eulenwelt
ausgestrent => ausgestreut, ausgestreckt, aufgestrebt, aufgestreut, ausgestreute, ausgeströmt
Aussiedlungsgesellschaft => Ansiedlungsgesellschaft, Ausstellungsgesellschaft
Autistenbeauftragten => Autisten beauftragten, Autist-beauftragten
Awo => Wo, Ivo, Abo, Apo, Zwo, So, AG, Amt, Art, Pro, Floh, ARD, Abt, Ali, Leo, Rio, ABC, AEG, AMD, Akt
Badass => Dass, Sodass, Badens, Bades, Satans, Bagdads, Banats, Radars, Basars, Sadats, Baals, Baders, Bads, Bahasa, Bandpass, Bass, Batist, Bazars, Butans, Bypass
Badessen => Bad essen, Badeseen, Badeösen, Dessen, Badesein, Indessen, Badesohn, Badesee, Badesüden, Badewesen, Badewien, Badeosten, Babesien, Badesan, Badehosen, Badekassen, Badesieg, Badenser, Badestein, Badensern
balisttate => 
Baryonenzahl => Baryonen zahl, Barbodenzahl, Barbogenzahl, Barfonemzahl, Bartonanzahl, Bartotenzahl, Barionenzahl, Barzonenzahl, Barbohnenzahl, Barinnenzahl, Barbotenzahl, Barhosenzahl, Barminenzahl, Barnotenzahl, Barrosenzahl, Bardosenzahl, Barforenzahl, Barkontenzahl, Barporenzahl, Barahnenzahl
Baubeschrieb => Bau beschrieb
bbs-ehs-Trier => 
Beach => Berg, Bach, Nach, Burg, Buch, Brach, Besuch, Prag, Reich, Berge, Dach, Fach, Flach, Bauch, Beck, Bruch, Busch, Haag, Teich, Euch
Bedienbarkeitsmetriken => 
Befallfläche => Metallfläche
Beibehaltungsgenehmigung => 
ben => Ben, den, bei, oben, per, bin, eben, gen, wen, Yen, peu, säen, Gen, Ken, Ren, Säen, Zen, peng, Üben, üben
Beneteau => Bénéteau, Bénéteaus, Abendtau
benötigt.ügen => 
berts => Berts, Nerds, perdu, Beats, Nerd, gehts, petto
Beruferlaubnis => Berufserlaubnis
beschtatigen => bestätigen, beschäftigen, bestätigten, besteigen, bestatten, beschuldigen, bestätige, Bestätigen, Testantigen, bestreiken, bestätigend, pestartigen, pestartige, pestartigem, pestartiger, pestartiges
Beschuzungsmoeglichkeiten => 
bestechbar => besiegbar, Besteckbar, bestellbar, besteigbar, besetzbar, besiegbare, besprechbar, bestückbar, besuchbar
betrugfrei => betrug frei
Bierman => Bier man, Biermann, Biermaß, Viermal, Birma, Hieran, Bieren, Eiermann, Biermanns, Birmas, Bermen, Bierbank, Bierbann, Bierbar, Bierbon, Bierhahn, Bierland, Biermaße, Biermaßen, Bierplan
bildungsromanitische => Bildungsromantische
BKleingG => 
Blanchard => Klangart, Blaugurt, Bleichart, Glanzhaut, Prangert, Blanklagt
BLUTUNGSRATE => Blutungsrate
BOKU => AOK, BKA, NOK, BDK, NOKs, BKK, OK, OmU
Borchardt => Burchard, Burkhard, Bernhardt, Borchert, Borcherts, Burghardt, Burchards, Bergart, Bergarzt, Bohrgerät, Bohrgrat, Bohrgrate, Burgart, Burkhards
Bordunton => Bordunion, Braunton, Bordkanton, Bordenden, Bordbeton, Bordanden, Bordenten, Bordunzen, Bordanion, Bordketon, Bordradon, Borduntat, Bordtonton, Bordundank, Bordcodon, Bordjeton, Bordponton, Bordunding, Bordunken
Brancheninteressierten => Branchen interessierten
brr => pro, per, bar, pur, irr, der, er, für, war, über, bei, bis, zur, aber, nur, vor, ihr, Art, Ort, dar
Brussilow-Offensive => 
bues => süß, Kues, büßt, pures, Süß, bums, büße, des, aus, für, bei, bis, es, dies, ließ, muss, neues, bauen, hieß, per
Buller => Bull er, Bulle, Butler, Bullen, Böller, Buhler, Aller, Bilder, Müller, Voller, Keller, Heller, Basler, Bull, Bunker, Haller, Möller, Pulver, Bälle, Euler
Bundesfrewilige => 
Burgstaller => Burgstall er, Burgstalker, Burgstall, Burgsteller, Burgstelle, Burgstapler, Burgstellen, Burgstalles, Burgsmüller, Burgstollen, Burgsattler, Burgstarter, Burgstaufer, Burgställe, Burgställen, Burgstammler, Burgstrahler, Burgspalier, Burgsöller, Burgknaller
Cabriobus => Cabrios
Camino => Casino, Camion, Canyon, Marino, Kamin, Casinos, Kamine, Kasino, Kamins, Cammin, Cammins, Camping, Carina, Domino, Kamin-, Lamine, Latino, Gaming, Kamen
Casinoatmosphärekenner => 
CAT-Tools => 
Charm => Ch arm, Cham, Charme, Chart, Charts, Chor, Hart, Clara, Arm, Warm, Chaos, Charta, Chur, Chöre, Darm, Chors, Chrom, Chaco, Charmes, Chaot
Chuan => China, Juan, Khan, Chur, Clan, Thurn, Bhutan, Cham, Human, Wuhan, Celan, Chat, Churs, Thun, Yuan, Ceran, Chuck, Cyan, Gab, Ganz
CI => CD, CH, CIA, GI, PCI, ICI, AI, Ch, Co, II, VI, XI, CGI, CL, KI, MCI, UCI, UI
Cinderella => 
Ciphertext => Opfertext, Cybertext, Bibertext, Hypertext, Hafertext, Cybertexte, Eifertest, Eifertet, Kichertest, Kichertet
Combi => Kombi, Tommy, Bombe, Coupe, Coupé, Bambi, Campe, Dolby, Gobi, Compaq, Camp, Camps, Cohiba, Comer, Comic, Corps, Coup, Coups, Dombai, Hobby
Core Facility => 
DaF- => Dach, DFB, DNVP, Damm, Darm, Dana, Dahn, Daum, DFÜ, Bar-, Bau-, Dach-, Dada, Dagö, Dali, Dame, Damm-, Dank, Dank-, Dari
Dammen => Damen, Daumen, Damme, Dammes, Rammen, Dammer, Dimmen, Dämmen, Jammen, Namen, Kamen, Stammen, Rahmen, Nahmen, Daten, Sammeln, Kammer, Samen, Armen, Warmen
Dan => An, Man, Van, San, Jan, Dana, Dahn, Ran, Dtn, Dank, Daun, Don, Fan, Pan, In, Den, Von, Das, Ein, War
Darüberhinaus => Darüber hinaus
Dei => Bei, Mai, Sei, Bai, Bey, Deo, Drei, Hai, Kai, Tai, Der, Die, Den, Des, Dem, Ein, Er, Es, Sie, Wie
Delivery => 
demensschuppen => 
deminsionierten => demissionierten, dimensionierten, demissionieren, demissionierte, demissioniertem, demissionierter, demissioniertes, demissioniertet
dennch => dennoch, danach, tätig, denn, wenig, Mensch, demnach, genug, drang, dänisch, Henoch, beeng, terig, tonig, tägig
Depositarmacht => Depositenmacht
Dettling => Häftling, Sendling, Bettring, Deadline, Däumling, Nestling, Petting, Setting, Setzling, Wedding, Wittling
deutschlehrerin => Deutschlehrerin
Diabetisprobleme => 
dieErdbeere => die Erdbeere
DieStadtverwaltung => 
Direkteweg => Direkte weg, Direktweg, Direkt-weg, Direktive, Direktzwei, Direktiven, Direktsieg, Direktwege, Direkteier, Direktere, Direktzweig, Direkteden, Direktehen, Direktesel, Direkterem, Direktzwerg, Direkteren, Direktsteg, Direkterer, Direktumweg
diskussieren => diskutieren
Dominic => Domlinz, Dominik, Domirak, Dominica, Domiris, Dominiks, Domknie, Domizil, Domreiz, Romanik, Domzink, Domini, Domfink, Domanis, Domindiz, Domina, Dominuit, Dominas, Domunix, Dominat
dr => der, er, da, de, dar, du, Mr, dir, Ar, Fr, Ur, d, dB, dm, r, t, tu, d r
Dry => Dr., Er, Art, DDR, Ort, Pro, Dorf, DB, DIN, DVD, DNA, Dom, Mary, DFB, Dirk, Mr, Arm, Ära, DGB, DKP
durchzuschauebar => 
Dy => DB, Y, DC, DJ, Da, De, Du, D, Dm, T, Tu, D y
ECTS => ETH, EADS, ETA, UMTS, EFTA, EWS, DECT, DCTP, CETA, CMS, CSS
eieptnerrin => 
eigenmaschigen => 
einetotalen => eine totalen
einhalb => ein halb, einmal, Einhalt, einhält, einholt, eingab, einhake, einhakt, einhalte, einhaue, einhaut, einhieb, einhob, einhole, einsalbe, einsalbt, einwarb
Einsatzreicher => Einsatz reicher, Einsatzteiche, Einsatzteichen, Einsatzzeichen, Einsatzsicher
einweindfrei => einwandfrei
einzelvertretungsberechtigten => 
einzigste => ein zigste, winzigste, einzige, einigte, eifrigste, eiligste, eingipste, einigst, einniste, einzogst, eisigste, findigste, geizigste, hitzigste, innigste, neunzigste, sinnigste, windigste, winzigst, winzigstem
Eissen => Wissen, Eisen, Rissen, Kissen, Hissen, Einsen, Missen, Eissee, Bissen, Eisseen, Essen, Pissen, Dessen, Diesen, Lassen, Müssen, Außen, Ließen, Hessen, Fassen
Emailaccount => 
Emailanbieter => 
endefeckt => entdeckt, Gendefekt
Energiespar => Energiespur, Energiesaar, Energiesparen, Energiespaß, Energiepark, Energie-bar, Energiesparer, Energiespam, Energiesparte, Energiespan, Energiestau, Energiespar-, Energiespat, Energiestar, Energiesan, Energieoper, Energiesport, Energiestart, Energiepaar, Energiesir
entsteinter => entsteint er, entsteinte, entsteinten, entsteintet, entstellter, entastender, entsteine, entsteinen, entsteint, entsteintest, entsteinte r
equivalent => äquivalent, äquivalente, Äquivalenz, Äquivalents, äquivalentem, äquivalenten, äquivalenter, äquivalentes, äquivalenz-
Erasmus-Mundus => 
ESTI => ETH, EStG, ETA, EFTA, SGI, LSI, MITI, ASTA, BSI, ESA, UST
etc => Utz, eck, Itz, et, etc., ätze, ätzt, ein, er, es, etwa, ehe, elf, eng, MHz, Netz, ad, Bett, Lok, Metz
etz => Netz, Metz, Utz, Itz, Wetz, et, etc., setz, wetz, ätze, ätzt, ein, er, es, etwa, jetzt, setzt, Sitz, ehe, elf
EU-ETS => 
eutymes => 
exetirende => 
exzellier => exzelliere, exzelliert, exzellieren, exzellierst, exzellierte
Familiemitglied => Familienmitglied, Familienmitglieds
Fashionbedarf => Fashion bedarf
Finanzlichen => Finanzligen, Finanzlagen, Finanzeigen, Finanzleichen, Finanzlage, Finanzlogen, Finanzloches, Finanzeichen, Finanzlöcher, Finanzlachen, Finanzlöchern, Finanzlücken, Finanzlegen, Finanzsachen, Finanzlichten, Pflanzlichen, Finanzlochen, Finanzlykien, Finanzlyzeen, Finanzlügen
Fischkrätenzange => Fischkantenzange, Fischkettenzange, Fischkrötenzange, Fischartenzange, Fischbreitenzange, Fischkartenzange, Fischknotenzange, Fischkräftezange, Fischkundenzange, Fischküstenzange, Fischkastenzange, Fischkreditzange, Fischtränenzange, Fischkistenzange, Fischkontenzange, Fischkrisenzange, Fischkräuterzange, Fischtretendzange, Fischkostenzange, Fischgrabenzange
floskel => Floskel
foot-lamberts => 
Foßnoten => Fußnoten, Bassnoten, Vornoten, Fußboden, Pfosten, Fußnote, Vorboten, Bassnote, Eissonden, Fassetten, Formnoten, Lössboden, Messsonden, Vornote, Aussandten, Phononen, Fassenden, Vonnöten, Fesselten, Fusselten
FreiwilligerInnen => Freiwilliger innen, Freiwillige rinnen
Fressalienbilder => Fressasienbilder, Fressahnenbilder, Fressasienbildern, Fressasienbildes, Fressaugenbilder, Fressaußenbilder, Fressfließbilder, Fresskleinbilder
fruehstmoeglichste => 
Frühjahrstemeraturen => Frühjahrestemperaturen
frundlichengrußen => 
früshstuck => 
fukzionirt => 
fur => für, zur, nur, vor, fuhr, Tour, pur, Rur, Dur, Kur, Our, furz, pfui, der, von, auf, aus, er, war, zu
Galvanometerscanner => 
Gameserver => Nameserver, Samenserver, Nameservern, Damenserver, Dammserver, Nameservers, Gastserver, Gabelserver, Güteserver, Gaumenserver, Kamelserver, Ladeserver, Badeserver, Galaserver, Gangserver, Gasserver
gans => Gans, kann, ganz, Hans, ans, Fans, gang, Jans, Pans, als, an, aus, das, dass, man, dann, gab, ins, kam, was
Gartel-Saison => Garten-Saison, Gürtel-Saison, Bastel-Saison, Gabel-Saison, Kartei-Saison, Kartell-Saison, Karten-Saison, Mandel-Saison, Mantel-Saison, Marder-Saison, Partei-Saison, Sattel-Saison, Warte-Saison, Arten-Saison
Gastwissenschaflter => Gastwissenschaftler, Gastwissenschaften, Gastwissenschaftlern, Gastwissenschaftlers, Gastwissenschaftler-, Gastwissenshalter, Gastwissenschatter, Gastwissenshalfter, Gastwissens-halfter, Gastwissenschiphalter
GdB => GB, MdB, GdP, GiB, Gt, DB, Da, De, Du, BGB, VfB, StGB, Ad, DFB, GT, KB, MB, DGB, GHz, GPL
Geburstag => Genusstag, Geburtstag, Gebertag, Geburtstags, Gebisstag, Geburtstage, Gebetstag, Gebärtag, Webkurstag
Geburstagskartegesickt => 
geduldsam => gewaltsam, duldsam, gedulds-, unduldsam
gegurstag => 
geleifered => geleitetet
geordneterere => 
geradegerückten => gerade gerückten, geradegerückt, geraderückten
geraumten => geraubten, geräumten, gerahmten, gerammten, beraumten, geraumen, geraunten, gerauten, gesamten, gebauten, geraten, geraumer, verarmten, gekauften, getauften, räumten, beraubten, geraubte, geraume, gereimten
gescheget => geschächtet, geschäkert, geschätzt, geschehen, geschenkt, geschadet, geschehe, geschichtet, geschmiedet, geschändet, gescheckt, geschält, geschärft, gescheut, geschälte, gescheit, gescheite, geschähe, Geschäker, gecheckt
Geschichteklasse => Geschichte klasse
Geschichtelehrer => Geschichtslehrer, Geschichtslehrern, Geschichtslehrers
Geschichtestudium => Geschichtsstudium, Geschichtsstudiums
Geschlichitchkeit => 
gesteh => gesteht, gestehe, gäste-, käste, kästen, kästet, besteht, besten, gelten, Westen, beste, bester, feste, festen, Reste, bestes, fester, Gäste, bestehe, festes
gesundliche => gesundmache, wesentliche, gesund-eiche, gesangliche, gesund-igel
giant => kann, gibt, ganz, gilt, ging, stand, dient, galt, kennt, Brand, glatt, plant, Kant, Saint, kalt, krank, Diana, Fiat, kraft, Pfand
gin => Gin, in, ein, ging, hin, kein, bin, min, gen, gib, chi, chic, Ein, Pin, Yin, gis, die, den, im, mit
Gopinathan => 
Grand => Grund, Brand, Grad, Graft, Gran, Grande, Grani, Grind, Fand, Rund, Stand, Band, Land, Graf, Frank, Hand, Rand, Front, Grab, Graz
Graubärte => Grauwerte, Braunerde, Grabberge, Grasberge, Graubart, Graubartes, Graubarts, Graubrote, Graubär, Graubären, Graubärs, Grauwert, Grauwerten, Grauwertes, Grauwerts, Graupelte, Grauheide, Grauweide, Gravierte, Glaubende
Grelck => Grenze, Dreck, Treck, Geck, Greiz, Grenz-, Reck, Grenzt, Kreuzt, Grell, Grelle, Kreuz, Keck, Grätig, Kremig, Kreuz-, Kreuze, Kränke, Kränkt
Grossbrittanien => Großbritannien
grundlange => Grundlage, Grundlacke
Grusselkabinett => Gruselkabinett, Größenkabinett, Gruselkabinette, Großseekabinett
Gutdeutsch => Gut deutsch, Süddeutsch, Undeutsch, Altdeutsch, Ostdeutsch, Urdeutsch
Haarverliebte => Haar verliebte
Häfenbrücke => Hafenbrücke, Herrenbrücke, Bärenbrücke, Hafenbrücken, Hebebrücke, Nebenbrücke, Regenbrücke
häge => hege, Wege, Zeche, rege, Bäche, hegte, hegt, lege, läge, Säge, hegen, hänge, hebe, hake, Bäke, fege, hechel, hechle, hechte, hexe
Haranni => Havanna
Harberger-Dreieck => 
Hardware-in-the-Loop => 
Hash-Funktionen => Hass-Funktionen, Hashfunktionen, Bach-Funktionen, Bass-Funktionen, Dach-Funktionen, Fach-Funktionen, Gas-Funktionen, Gast-Funktionen, Haar-Funktionen, Hack-Funktionen, Haft-Funktionen, Halb-Funktionen, Hals-Funktionen, Hand-Funktionen, Hanf-Funktionen, Hang-Funktionen, Harn-Funktionen, Hart-Funktionen, Hasel-Funktionen, Hasen-Funktionen
Hauk => Haus, Haag, Hang, Hauch, Gauck, Haut, Auf, Aus, Lang, Bau, Kaum, Trug, Hans, Park, Paul, Raum, Laut, Bank, Druck, Hall
Heinker => Heiner, Henker, Heynckes, Einer, Seiner, Weniger, Einiger, Keiner, Mainzer, Einher, Linker, Reiner, Rainer, Feiner, Meiner, Heine, Denker, Haider, Heike, Heimkehr
Heizungregelung => Heizungsregelung
Hellmann => Heilmann, Fellmann, Hermann, Feldmann, Holzmann, Telemann, Heckmann, Tillmann, Heizmann, Vollmann, Ballmann, Fehlmann, Müllmann, Rollmann, Weltmann, Heilmanns, Felsmann, Geldmann, Halsmann, Quellmann
Herunterladung => Herunterladen, Herunterladens
Hirek => Direkt, Krieg, Aires, Dirk, Lyrik, Hirsch, Hirten, Hörer, Viren, Wirke, Hirte, Birke, Hirn, Hirse, Hure, Syrer, Hirns, Brieg, Harem, Hieb
Hochwasser-katasprothe => Hochwasser-Katastrophe, Hochwasser-Katenbrote
hockeyähnliche => 
Hohentauern => Hosentüren
hohrere => hohlere, mehrere, hoher, höhere, vordere, Bohrer, fordere, hohler, Torero, Bohrern, Bohrers, dorre, horte, Mohäre, Moräne, Porree, Vorerbe, bohnere, covere, fordre
Hollandaise => Hollandreise, Holzanteile, Vollanteile, Wollanteile
Home => Hofe, Homer, Hose, Hume, Häme, Lomé, Dome, Holme, Homo, Homs, Hore, Vom, Name, Hohe, Höhe, Rom, Hof, Holz, Tode, Tore
Humvees => Humes, Hummers, Humpens, Humanes, Humides, Humoses, Humöses
Husseini => Hussein, Husseins, Hussen, Hussein i
HvO => HwO, Hof, HD, ISO, Eva, HP, UNO, HIV, Hbf, Hut, Hz, PLO, APO, Heu, ILO, Ivo, NGO, UFO, HCl, Huf
iBlali => Bali, Halali
ichbin => ich bin, igeln, Schein
iemeladrese => 
Illusionszauber => Illusion-zauber, Illusion-zauber-
Immobilienmakeln => Immobilien makeln, Immobilienadeln, Immobilienmakler, Immobilie-dackeln, Immobilienlagen, Immobilie-fackeln, Immobilienmaklern, Immobilie-nageln, Immobilienmoguln
industrielastige => 
Informatinsfräger => Informationsträger
Inhouse-Lösung => 
Interaktionseffekt => Integrationseffekt
interresant => interessant
inzentiviert => intensiviert
Jagtflugzeug => Jagdflugzeug, Nachtflugzeug, Jagdflugzeuge, Jagdclubzeug, Jagdflugzeugs, Jagdklubzeug, Jagdflugzeugen, Jagdzugzeug, Jagdflugzeuges, Sandflugzeug, Landflugzeug
jDPG => FDP, LPG, NDP, DPA, BDSG, DFG, DWG
Jhd => Jet, Jh., Jod, Und, Ist, Mit, Hat, Jahr, Ihm, Ihn, Ihr, Gut, Oft, Amt, Art, Ort, Tod, Bad, John, Uhr
job => Job, ob, Bob, hob, Lob, Mob, Pop, Top, job-, wob, von, ab, so, vom, vor, gab, wo, je, zog, Sohn
Joris => Boris, Doris, Yorks, Jurys, Jogis, Yogis, Paris, York, Louis, Chris, Jones, Jurist, Korps, Morris, Worms, Worin, Dosis, Forts, Iris, Johns
Jour-Fixe => 
jugendheit => Jugendzeit, Jugendheim, Tugendheld
Karmasin => Karmas in, Karmas, Karmin, Sarasin
Katherine => Catherine, Katharina, Materie, Katrin, Laterne, Kathrin, Catherines, Materien, Kateridee, Katern, Kathrins, Katrins, Latrine, Catering
KatzeFutter => Katze Futter, Katzenfutter, Katzenmutter, Wattefutter
Kaufmännischenbereich => Kaufmenschenbereich
kennlernen.serhhubsch => 
kielaufwärts => Kiel-aufwärts, Viel-aufwärts, Ziel-aufwärts, gieß-aufwärts, knie-aufwärts, viel-aufwärts, ziel-aufwärts
kinosologischen => gynäkologischen, kinesiologischen
Klopse => Klose, Klapse, Kloppe, Klops, Klasse, Klubs, Kopie, Lose, Klappe, Klause, Klippe, Kloake, Klone, Knospe, Krebse, Glosse, Flops, Kolosse, Kopfe, Korse
Klosterlausnitz => Klosterlausitz, Klosterhausnetz, Klosterlaufsitz
Kommuniukationsfähigkeit => Kommunikationsfähigkeit
kompenten => Domenten, kommenden, Korbenten, campenden, Pumpenten, kommende, Topenten, kompletten, kompakten, kompetent, kompetenten, Momenten, kohärenten, kommender, grabenden, kochenden, kommendes, koppelten, klebenden, Kompendien
kontzentirenen => 
Konvektions-Kanäle => Konfektions-Kanäle
Kopieraum => Kopierraum, Knieraum, Kopfraum, Kopierraums, Kopiertem
Korpen => Kolben, Sorben, Korken, Korsen, Korbes, Kerben, Kerpen, Körben, Worden, Norden, Vorbei, Farben, Körper, Sorgen, Karten, Toren, Worten, Bomben, Kopien, Korea
Kreutzschlitzschrauben => Kreuzschlitzschrauben, Kreuzschlitzschraube
KrimiRoman => Krimi Roman
kritzel => kitzel, kritzele, kritzeln, kritzelt, kritzle, Drittel, Spitzel, Ritzel, kratzen, ritzen, kitzeln, Kitzel, kratze, ritze, Fitzel, Gekritzel, Kritzeln, drittel, frotzel, kitzele
kryogenen => gezogenen, gebogenen, erzogenen, erogenen, erwogenen, gewogenen, erlogenen, gelogenen, gesogenen, kariogenen, kryptogenen, pyogenen, pyrogenen
kryptierten => gruppierten, grundierten, eruptierten, kooptierten, krepierten
kumft => kämpft, Zunft, kurvt, gut, kommt, Kunst, Luft, kämpfte, Punkt, Zukunft, kennt, ruft, Mount, Rumpf, cum, kauft, Ankunft, sanft, kraft, Gunst
kunstoffindustrie => 
Lachslasagne => 
langwalig => langweilig, langhalsig, langnasig, langwellig
LASK => LSK, NASA, BASF, AK, AOK, LAN, LSD, SAS, LSV, LGS, LSI, LANs, LAT, LDK, LK, LfS, ASV, HAK, LRS, ZAK
Lehmschalwand => Lehmschauwand, Lehmschallwand, Lehmschmalwand, Lehmschulwand, Lehmschulband, Lehmschafland, Lehmschallart, Lehmschallband, Lehmschmalband, Lehmschulland, Lehmschulwart, Lehmschwallwand, Lehmstahlwand
Leiblingshobby => Lieblingshobby
Leinengurtel => Leine-gurgel, Leinengürtel, Leine-kurbel, Leinengürteln, Leinengürtels
leistungsentspechend => 
leitzke => leidige, leitete, letzte, leide, leite, lästige, seidige, zeitige, Maitage, leidig, leidigem, leidigen, leidiger, leidiges, leidtue, leimige, seitige
Leschanowsky => 
Lestrade => Lest-adel, Festrede, Gestade, Estrade, Leckrate, Leitrad, Gestratz, Leitrades, Lernrate, Leseratte, Messrate, Testratte, Tetrade, Wesirate, Westgrade, Bestrafe, Leidtrage, Lostrat, Lostraten, Lostratet
Lieberberg => Liebe-berg-, Silberberg, Liebe-berge, Niederberg, Liebe-park, Lederberg, Biberberg, Leiterberg, Liebeswerk, Lieferwerk, Siebenberg, Weiberberg, Lieberer
Lieferantentage => Lieferanten tage, Lieferattentate, Lieferuntertage, Lieferaktenlage, Lieferankertage, Liefererdentage, Liefertotentage, Lieferartentage, Lieferaktentage, Lieferententage, Lieferaltentage, Lieferendetage, Lieferanteiltage, Lieferaugentage, Lieferbodentage, Lieferdatentage, Lieferjudentage, Lieferinnentage, Lieferalpentage, Lieferasientage
Lobbieren => Kopieren, Lorbeeren, Dombieren, Soupieren, Toupieren, Logieren, Plombieren, Lobpriesen, Lobulären
Ltr => Der, Er, Für, War, Oder, Zur, Nur, Vor, Ihr, Art, Ort, Dar, Her, Uhr, Gar, Per, Wir, Tor, Mir, Wer
Lumenzahlen => Lumen zahlen, Augenzahlen, Judenzahlen, Lagenzahlen, Tourenzahlen
Madalina => Magdalena, Natalia, Madeline
Magic => Magie, Maki, Makis, Mai, Maria, Musik, Main, Mainz, Marie, Mary, Logik, Marc, Mario, Mafia, Magen, Miliz, Panik, Magd, Magier, Magma
magnetfeldfrei => 
Mannschschaft => 
Matlab => MATLAB, Malta, Madras, Maltas, Satrap, Madjar, Mailaub, Malat, Mitgab, Malad, Mitlas
MediaKit => Media Kit, Mediaset, Mediamix
medias res => 
meisteverfilmete => 
Mephistoles => Mephistos
mesotopische => mesoskopische, mesozoische
mier => hier, vier, mir, Eier, Tier, Bier, Pier, Gier, mied, mies, zier, Vier, Zier, gier, der, die, mit, er, über, einer
Mikrocontrollerhardware => 
Millenarie => Villenarie, Zellenarie, Gallenarie, Wellenarie, Ellenarie, Hallenarie, Minenarie, Rollenarie, Bullenarie, Willensarie, Dielenarie, Höllenarie, Brillenarie
µm => im, am, um, km, cm, mm, qm, dm, m
Mise-en-scène => 
Missionariesierung => 
Mitterlehner => Mitte-lehne, Mitte-lehnen
Mittlerschüler => Mittelschüler
Mosfet => Moses, Kostet, Mosel, Moser, Monet, Mossad, Morphem, Moslem, Rostet, Mostes, Morphe, Morphen, Mose, Most, Mosten, Lostet, Mostet, Tostet, Moovit, Postet
Motorad => Motor ad, Motorrad, Fotorad, Motor, Moderad, Motoren, Rotrad, Motors, Bootrad, Moderat, Mordrad, Motorik, Mondrad, Moorbad, Moorrad, Motorrads, Zoorad, Motoröl, Modulrad, Autorad
Mühlensymbol => Mühle-symbol-, Zahlensymbol, Höhlensymbol
münlichliche => 
musculus => muskulös, muskulöse, muskulär
Muster-dienstanweisung => Muster-Dienstagweisung, Musterdienstanweisung
MVZ => MV, Mai, SV, TV, DVD, KZ, MHz, VW, BVG, MB, MDR, MfS, Mk, Mr, NVA, PLZ, FAZ, Mao, Mut, MBB
Nachfullflasche => Nachfüllflasche, Nachfüllflaschen
nachtiele => nachließe, Nachteile, nachwiese, nachspiele, Bachtiere, nachziehe, Dachteile, nachliefe, Fachteile, nachwiege, Jagdziele, nacheile, Sachteile, nach-ziele, Sachziele, nachgieße, Wachtiere, nachriefe, achtele, nachträte
Nafplion => 
nähersten => nähe-ästen, näherten, näheren, nähernden, neuesten, näherte, teuersten, beherzten, nähernde, nährten, leersten, näherndem, nähernder, näherndes, näherst, näherstand, näherstehe, näherstehen, nähersteht, näherstände
nästes => bestes, festes, Nestes, nettes, neustes, Festes, Geästes, Restes, Testes, besten, erstes, neues, Westen, beste, bester, feste, festen, Reste, beides, fester
Naturbeobacht => Naturbeobachter, Naturbetracht, Naturbeiwacht, Naturbeobachten, Naturbiomacht, Naturbeinacht, Naturneonacht
nichtmehr => nicht mehr, nichtleer
NN => NT, CNN, NL, NS, Nu, UN, KN
nog => noch, nach, doch, zog, hoch, sog, Koch, Loch, Lok, wog, Joch, bog, log, Goch, roch, Gog, Hoch, Kog, Sog, Wok
Ø => 
ode => Ode, oder, de, ohne, Tode, Bode, Ute, ade, rode, Bde, Code, Kode, Mode, Ude, olé, öde, der, die, den, des
ÖH-Vorsitzenden => 
ÖKOBEWUSST => Ökobewusst
onenaigth => 
Orthmann => Artmann, Ostmann, Amtmann, Ortsmann, Bethmann, Mitmann, Erdmann, Altmann, Ostmanns, Frühmann, Ortband, Rotmann, Tatmann, Aktmann, Extramann, Hutmann, Wortmann, Wutmann, Rohmann, Drehmann
Oswiecim => 
Ozeana => Ozean, Ozeans, Ozeane, Ozean-, Ozeanen, Ozean a
Palitzschhof => 
Palmerston => Palme-stoß, Alterston
Pansionskasse => Pensionskasse, Pensionskassen
Patric => Patrick, Patrize, Paris, Fabrik, Madrid, Party, Matrix, Partie, Patricia, Patron, Katrin, Metrik, Partys, Petri, Cedric, Paprika, Patras, Patriot, Patin, Patricks
Peeptoe => Pepton, Beende, Beeide, Beredte, Peppte, Piepte
Personalkosten-Staf => Personalkosten-Tab, Personalkosten-Tau, Personalkosten-Ada, Personalkosten-Etat, Personalkosten-Graf, Personalkosten-Stab, Personalkosten-Star, Personalkosten-Stau, Personalkosten-Taft, Personalkosten-Tag, Personalkosten-Tal, Personalkosten-Tat, Personalkosten-Traf
Personenzentrierte => Personen zentrierte
Peschorn => Pelzhorn, Geschoren, Märzhorn, Posthorn, Werkhorn, Häschern, Festhorn, Herzhorn, Parkhorn, Berghorn, Westhorn, Keschern, Käschern, Netzhorn, Pechern, Resthorn, Wäschern, Heckhorn, Beschert, Käsehorn
Pharmazie-Arschkriecherei => Pharmazie-Arschkriecher, Pharmazie-Arschkriechern, Pharmazie-Arschkriechers
Pillenzwangspause => 
Privatjetanbietern => Privatmitanbietern, Privatnetzanbietern, Privatwettanbietern, Privatbeatanbietern, Privatjapanbietern, Privatjudenbietern, Privatbetonbietern, Privattitanbietern, Privataltanbietern
pro-bono => 
Project => Projekt, Projekte, Projekts, Projekt-, Prozent, Produkt, Projekten, Projektes, Protest, Präfekt, Projektil, Projektor, Trajekt, Prolet, Brodelt, Probend, Projektiv
Proxmox => 
-Prozent-Abschreibung => 
psychotherapieausbildung => 
Publishing => 
Pulper => Pulver, Pulpe, Pulpen, Selber, Halber, Pilger, Pumpe, Puppe, Puppen, Gelber, Euler, Popper, Puffer, Wupper, Super, Kälber, Pieper, Polder, Vulgär, Poller
Quarzkörnern => 
rade => rate, rote, raue, Jade, Pate, Wade, arte, raten, grade, rare, fade, ade, lade, rage, rode, bade, röte, Bade, Grade, Lade
RAK-WB => 
Rechtsanwaltfachangestellter => Rechtsanwaltsfachangestellter, Rechtsanwaltsfachangestellte, Rechtsanwaltsfachangestellten
Rechtschutzversciherung => Rechtsschutzversicherung
rekodifizierte => kodifizierte
Rerticle => Vertikale, Fertile, Rettiche, Verdikte, Verdicke, Verticke
Restauranten => Restatlanten, Restaurant, Restmutanten, Restaurants, Restgaranten, Restquanten, Restveranden, Restaktanten, Restabrunden, Restanlanden, Restausarten, Restfuranen, Restumranden, Restkurenden, Restaura-gen, Restaura-tun
Rezonassboden => 
Ringo => Ringe, Bingo, Dingo, Ginko, Ring, Ring-, Rings, Ging, Links, Linke, Dinge, Kino, Rio, Fing, Singt, Sinkt, Diego, Kongo, Riga, Ringer
ROYALS => Royals
Ruckscklusse => 
Ruckwanderungsquote => Rückwanderungsquote, Rückwanderungsquoten
ruebergelaufen => 
russichsprechende => 
SAC => SAP, SAS, FC, USA, AG, SPD, SV, San, See, SPÖ, BBC, PC, SED, SMS, Sir, Süd, ABC, RAF, RAM, RFC
Sales => Wales, Salem, Saales, Salzes, Salär, Safes, Aales, Salems, Salärs, Tales, Als, James, Alles, Maler, Falls, Saale, Samen, Sees, Tages, Altes
Salzfurtkapelle => Salzburgkapelle, Salzfeldkapelle, Salznordkapelle, Salzturmkapelle, Salzbordkapelle, Salzflurkapelle, Salzkultkapelle, Salzkurkapelle, Salzpfarrkapelle
Samotlor => 
SARASTRO => 
Sasuke => Maske, Pauke, Baske, Kasack, Kasacks, Sake, Sauce, Saure, Absacke, Sacke, Saue, Saufe, Sauge, Sause, Sauste, Saute, Spuke
scharm => Scharm
Scheffler => Schäfer, Schiffer, Schaffner, Scheffel, Schnüffler, Scheffels, Scheffeln, Schäler, Scheffle, Schärfer, Scheeler, Scheffele, Scheffelt, Schofler, Scheffle r
schein => Schein, Aschern, schieß, schleif, schrei
schnabte => schneide, schnappte, schabte, schnappe, schnaubte, scharte, schaute, schwebte, schnappen, schnappt, schnürte, schraubte, schwappte, schlappe, schabe, schnalle, schabt, schabten, schabtet, schalte
Schnack => Schnake, Schmuck, Ignaz, Schach, Schanze, Schock, Schlick, Schnecke, Schrank, Scheck, Schmach, Schnaps, Schreck, Schalk, Schanz, Schnaken, Schluck, Schnarch, Schnucki, Schwank
schweizer => Schweizer
schwellwertes => Schnellwertes, schnell-wertes, schwer-wertes, Schwellwerkes, Schwellwerte, Schwellwerten, Schwellwerts
Sebold => Sebald, Gepolt, Geholt, Gerold, Herold, Säbel, Gebohrt, Kobold, Geboxt, Säbels, Reboot, Report, Sebalds, Seebild, Seeort, Sold, Säbeln, Besohlt, Gefohlt, Gejohlt
Sehenwunigkeiten => 
sehst => sehnt, gehst, siehst, sechst, seht, seist, stehst, mähst, nähst, sahst, sehnst, senst, sägst, sähest, sähet, säst, wehst, zähst, seit, erst
seladongrün => 
selbstcoaching => 
Sicherheitswissenschaftenügen => 
Sintflutwarnung => Windflutwarnung, Sandflutwarnung, Singflutwarnung, Mitflutwarnung, Einflutwarnung, Stadtflutwarnung, Rundflutwarnung, Bandflutwarnung, Landflutwarnung, Bildflutwarnung, Sitzflutwarnung, Handflutwarnung, Randflutwarnung, Sichtflutwarnung, Kinoflutwarnung, Stiftflutwarnung, Mondflutwarnung, Mundflutwarnung, Wildflutwarnung, Zinkflutwarnung
Skyrim => Schirm, Schrimp, Styrum, Scrum, Schrie, Eckstrom
Spartenaufgrabung => 
speacialzert => 
Speiübel => Spähübel, Speichel, Spätübel, Überübel, Beiübel, Zweiübel, Dreiübel, Freiübel, Seeübel, Spielübel, Steinübel, Spurübel, Bleiübel, Seilübel, Spaßübel, Speckübel, Oberübel, See-übel, Skiübel, Spamübel
Sponsorenquadratmeters => 
Sport-Thieme => Sport-Heime, Sport-Hiebe, Sport-Kieme
STAASTBÜRGERSCHAFT => 
Stahlskelettbauten => Stahlskelett bauten
Stöcker => Stecker, Strecker, Stöcke, Stöcken, Stricker, Sticker, Strecke, Stücke, Stücken, Stückes, Höcker, Stecher, Steiger, Stalker, Stoiker, Störer, Steckers, Stockes, Spicker, Stecken
Stoke => Stücke, Stöcke, Stück, Stücken, Stückes, Stücks, Stecker, Stege, Stöcken, Stecke, Stockes, Stucks, Stack, Stacks, Steck, Steck-, Stecken, Stick, Sticker, Sticks
Studentcodes => 
Studentwohnung => Studentenwohnung
sunscreen => 
Surface => Service, Sulfate, Sumpfaue, Surfe, Surfte
Suspend-Modus => Suppen-Modus
Suva => Susa, Jura, Eva, Java, Kuba, Sudan, Luca, Sara, Suhl, Juda, Lava, Puma, Sima, Sulz, Duma, Sauna, Sofa, Soja, Stoa, Gouda
Tali => Tal, Tals, Bali, Talg, Dali, Jali, Kali, Mali, Tai, Talk, Taxi, Als, Mai, Juli, Bald, Galt, Fall, Tag, Tage, Alt
Tambpanni => 
Tanzaniten => Tanzamiden, Tanzarten, Tanzanoden, Manganiten, Tanzfinden, Tanzlinden, Tanzsuiten, Tanzzeiten, Tanzweiten, Tanzasien, Tanzbriten, Tanzknoten, Tanzbinden, Tanzleiden, Tanzleiten, Tanzakten, Tanzaktien, Tanzasiaten, Tanzminden, Tanzanden
Tätigkeitsphäre => Tätigkeitssphäre, Tätigkeitsfeld, Tätigkeitsfähre, Tätigkeitsform, Tätigkeitsfähren, Tätigkeitsphase, Tätigkeitsfee, Tätigkeitsferse, Tätigkeitsfete, Tätigkeitsfeze, Tätigkeitsfähr-, Tätigkeitsfährte, Tätigkeitsfärse, Tätigkeitspiere, Tätigkeitsfarbe, Tätigkeitstiere, Tätigkeitsfeuer, Tätigkeitsfälle, Tätigkeitspferd, Tätigkeitspferde
Tatsacheist => Tatsache ist, Tatscheit, Tatlagerist, Tatschest, Tatsacheis, Tatsachrist, Tatsacheis-, Tatsachlist, Tatsachmist, Tatsachfest, Tatsachbild, Tatsachliste, Tatsachkind, Tatsachlied, Tatsachwest, Tatsacheier, Tatsachgeist, Tatsachost, Tatsachrest, Tatsachwind
Teakbaeume => Teilbäume, Testbäume, Tragsäule, Teakbäume, Teakbäumen, Teakbaum, Teakbaumes, Teakbaums
Teiresias => Theresias, Teresas
temperaturabhänig => temperaturabhängig, temperaturabhängige
Temp => Tempo, Dem, Team, Teams, Text, Thema, Typ, Gelb, Tempel, Tim, Leib, Sepp, Tee, Käme, Wem, Hemd, Kamp, Teig, Terme, Terz
tendens => Mendens, Sendens, Wendens, denen, seitens, denken, deuten, enden, wenden, Bänden, Händen, Tendenz, senden, testen, Denkens, Rennens, Senders, Westens, Wänden, bestens
Teotihuacan => Teotihuacán, Teotihuacáns
Thiel => Thiol, Hier, Titel, Fiel, Hielt, Viel, Spiel, Teile, Ziel, Hieß, Kiel, Chile, Tier, Trier, Tafel, Biel, Stiel, Theo, Ariel, Thale
THMS => SMS, TuS, HTML, VHS, AHS, AMS, CMS, IHS, TCM, THC, THW, TLS
Tiefkuhlkost => Tiefkühlkost, Tiefkuhkot, Tiefkuhkost, Tiefkuh-kost, Tiefkuhfrost, Tiefkuhlaos, Tiefkuhlust, Tiefkuheckart, Tiefkuhrost, Tiefkuhtrost, Tiefkuhpost, Tiefkuhdrost, Tiefkuh-post, Tiefkuheckhorst, Tiefkuheckmast, Tiefkuhegoist, Tiefkuhegos, Tiefkuhhost, Tiefkuhlast, Tiefkuhlist
To-Do-Liste => To-do-Liste, To-do-Listen
Tölzel => Tölpel, Tölzer, Hölzer, Tölz, Tölpeln, Tölpels, Töltes, Tölzern, Tölzers, Tänzel
Tops => Typs, Jobs, Topf, Tors, Bobs, Topas, Lobs, Mobs, Mops, Tabs, Tods, Tons, Top, Top-, Topfs, Topos, Topp, Tod, Kopf, Tode
Torsionsschwingung => Torsinusschwingung
tradiziononen => 
TTS-Software => Tat-Software, Tee-Software, Ton-Software, Top-Software, Tor-Software, Tür-Software
Tunienhecke => Linienhecke, Kundenhecke, Tunnelhecke, Turnierhecke, Tannenhecke, Zungenhecke, Tintenhecke, Tulpenhecke, Lungenhecke
Tuxer => Tuner, Außer, Tochter, Guter, Tier, Trier, Quer, Töchter, Tiger, Tower, Turner, Täter, Wuchsen, Boxer, Huber, Taler, Täler, Täufer, Auer, Euler
Twin => Tein, In, Ein, Wie, Sein, Hin, Kein, Rein, Wir, Main, Bin, Min, Turin, Wein, Fein, Mein, Erwin, Iwan, Sven, Tim
Umwelschutzung => 
uncheviriges => ungehöriges
undhumorvller => 
Universalitätsklasse => Universaladelsklasse, Universalideenklasse, Universalidealklasse
untergezeichnet => unter gezeichnet, unterzeichnet
unterstizung => 
unterstutzung => Unterstützung
Ünterstüzung => Unterstützung
Up-Stream-Ansatz => 
Urgh => Früh, Utah, Uran, UrhG, Urin, Froh, Roh, Gogh, Ural, Uri, Urne, Urs, Arg, Unruh, Uschi, Ergo, Urahn, Dreh, Arche, Krk
Uzumaki => 
u.zw => 
Velden => Velten, Gelten, Selten, Helden, Melden, Kelten, Welten, Zelten, Velen, Veltens, Verden, Volten, Gälten, Werden, Beiden, Besten, Bilden, Halten, Lebten, Selben
Venturi-Düse => 
verallgemeinung => 
Veraten....verraten. => 
Verbindungversuchen => Verbindung versuchen, Verbindungsversuchen, Verbindungsversuche
Ver => Der, Er, Her, Per, Wer, Bär, Mär, Oer, Vera, Verb, Verl, Vers, Vier, Vor, Den, Des, Dem, Für, War, Über
vergeizt => verheizt, verkeilt, vergeigt, versetzt, verteilt, verletzt, vereint, vergibt, verkehrt, verkleidet, verkürzt, verleiht, verweist, verglich, verneint, vernetzt, gereizt, vergeht, verwaist, verzeiht
Vergnügungsparke => Vergnügungspike, Vergnügungspark, Vergnügung-berge, Vergnügungsparks, Vergnügung-park, Vergnügungsmarkt, Vergnügung-park-, Vergnügungspark e, Vergnügung-pauke, Vergnügungspanne, Vergnügungspate, Vergnügungspore
Verkleinerungsfähig => 
Verkn%C3%BCpfungstafel => 
vermarkt => vermerkt, verbargt, vermarkte, verlangt, versorgt, verdankt, vermarktet, vermarkten, Neumarkt, verarmt, verbirgt, vermacht, verpackt, verbarg, verbürgt, verharrt, vermengt, vermerkte, verwarnt, verwirkt
verspatunng => 
Verwahrschein => Vorfahrschein, Vorwahlschein
vil => viel, via, Nil, vis, die, in, im, mit, von, ein, bis, sie, wie, vom, vor, vier, gilt, hin, teil, viele
VLAN => LAN, WLAN, FLN, VAG, VGA, VPN, VLSI, IBAN, LANs, LAT, TAN, WAN
VLT => VfB, RTL, VW, VfL, GT, NT, PLZ, VfR, NL, OLG, PLO, TNT, VDE, VHS, FLN, ILO, KLM, VAG, VDI, DLL
Vontobel => Vondel
vorkehrungungen => 
Voronoi => 
Vorställungsgeschpräch => Vorstellungsgespräch, Vorstellungsgespräche, Vorstellungsgesprächs, Vorstellungsgesprächen, Vorstellungsgespräches
Vorstellungsgespärch => Vorstellungsgespräch, Vorstellungsgespräche, Vorstellungseisberg, Vorstellungsgesprächs, Vorstellungsheuberg, Vorstellungsneuberg, Vorstellungsseeberg, Vorstellungswegberg, Vorstellungsbußberg
Vorstelungsgespräch => Vorstellungsgespräch, Vorstellungsgespräche, Vorstellungsgesprächs
Wagnerianer => 
wahrsein => wahr sein, Jahrein, wahren, Fahrtein, wahrsten, Rohrsein, Bahrein, Zahnsein, Fahrseil, Bohrsein, Gewahrsein, Haarsein, jahrein, Ohrsein, wahrten, Lahmsein, Barsein, Nahesein, Fahr-ein, Wehrsein
währt- => wehrte, wehrt, währte, währt, wehr-, wert-, kehrte, lehrte, fährt, kehrt, wählte, lehrt, wählt, wert, wehren, wehrten, weht, nährt, nährte, wahrt
Wallantin => Wallenden, Valentin, Wallonin, Wallartig
Wandercomedy => Wanderkomet
Wärmung => Werbung, Wertung, Wirkung, Färbung, Vermutung, Währung, Verbund, Verdun, Vermont, Warnung, Wartung, Bergung, Gärung, Hemmung, Lähmung, Normung, Räumung, Vormund, Weisung, Wendung
wegsortieret => 
Weihnachsgeschänke => Weihnachschubschänke, Weihnachtsgeschenke
Weihnachtsmart => Weihnacht smart, Weihnachtstart, Weihnachtsmarkt, Weihjagdstart, Weihnachtsmann, Weihnachtmarkt, Weihnachtsgast, Weihnachtstarts, Weihnachtskarte, Weihnachtart, Weihnachtsland, Weihnachtsart, Weihnachtsmahl, Weihnachtsmarke, Weihnachtsmark, Weihnachtsmarkts, Weihnachtsmord, Weihnachtsnarr, Weihnachtsmars, Weihnachtsbart
weiterbildungs => Weiterbildung
weitherum => weither um, weit herum, Zeitrum, weiterem, Leiterrum, weitere, Werterum, weiter, Beuterum, weiteren, Gästerum, weiterer, Reiterrum, wiederum, Eliterum, weiteres, Härterum, weitem, Kälterum, heiterem
Weizenvollkorntoastbrötchens => Weizenvollkornastbrötchens
werdemorgenkomen => 
wiederBilde => wiederholte, weiterbilde, weitereilte, wiederfinde, wintermilde
wiederrufeich.dei => 
Wirtschaftstudent => Wirtschaftsstudent, Wirtschaftstugend, Wirtschaftsdaten, Wirtschaftsjuden, Wirtschaftspatent, Wirtschaftsjugend, Wirtschaftstalent, Wirtschaftsbuden, Wirtschaftsmutant, Wirtschaftsnuten, Wirtschaftsruten, Wirtschaftstuben, Wirtschaftstüten, Wirtschaftsputen, Wirtschaftstötens, Wirtschaftsjuden-, Wirtschaftsrouten, Wirtschaftstaten, Wirtschaftstoten, Wirtschaftstoten-
Wirtsmaterials => Wirt-material-, Wortmaterials
Wirtsmaterial => Wirt-material-, Wortmaterial
Wissenbasis => Wissensbasis, Massenbasis, Wasserbasis, Eisenbasis, Soßenbasis
Wohlrabedamm => 
Wohnung-Nr => Wohnungar
XBee => See, Idee, Tee, Klee, Spee, Bde, Bea, Beet, Bei, Ben, Beo, Bey, Beye, Böe, Fee, Lee, Nee, Ree, Über, Aber
XIX-ten => Pyxiden, Fixten, Mixten, Wichsten, Zigsten
YANNIK => Yannik
Yousty.ch => 
zeitgenössiseschThema => 
Zertifizierungsprufungen => Zertifizierungsprüfungen
zukriegen => zu kriegen, Lockregen, zuckrigen, zufrieden, zugegen, zugreifen, kriegen, zubringen, bekriegen, zufrieren, Zugriegel, zugriffen, zutrinken, Aufkriegen, Bekriegen, Packriemen, Packziegen, Zugriegeln, Zugriemen, abkriegen
zulernen => zu lernen, lernen, erlernen, zulegen, zuwerfen, zulegten, Dazulernen, Erlernen, Luzernen, Umlernen, anlernen, anzulernen, auslernen, cleanen, dazulernen, umlernen, umzulernen, zuleimen, zuleiten, zurennen
zumellden => zufüllten, zuheilten, zurollten, zuteilten, zuzelnden, zuzählten, zugeladen
zusammenbestellt => zusammen bestellt, zusammengestellt, zusammengestellte, zusammenstellt, zusammenbastelnd, zusammenbastelst, zusammenbastelt, zusammenbettelst, zusammenbettelt
Zwischenkonklusion => 
Postleidzahl => Postleitzahl, Postkeimzahl, Postleitzahlen, Postwertzahl, Postbeinzahl, Postbeizahl, Postfestzahl, Postheizzahl, Postleitbahn, Postleitziel, Postluftzahl, Postteilzahl, Posttestzahl, Postzeitwahl
schlaganfal => Schlaganfall
Schlaganfal => Schlaganfall, Schlaganfang, Schlaganfalls, Schlaganzahl, Schlafanfall, Schlaganbau, Schlaganwalt, Schlagareal, Schlagunfall, Schlagabfall, Schlagangel, Schlaganhalt, Schlagapfel, Schlagasphalt, Schlagaal, Schlaganwahl, Schlagalpha-, Schlaganal-, Schlagannam
analpherbet => anal-herbst
Jezt => Jet, Seit, Zeit, Geht, Welt, Fest, Jetzt, Lebt, Setzt, Weit, Hält, Recht, Geld, Jazz, Jean, Text, West, Legt, Arzt, Feld
jezt => jetzt, jeck, seit, Zeit, geht, je, Welt, fest, lebt, setzt, weit, hält, jede, recht, Geld, Text, West, jene, legt, Arzt
Umzugsvorberietungen => Umzugsvorbereitungen, Umzugsvorberatungen, Umzugsvorbeziehungen, Umzugsvorvermietungen, Umzugsvorperiodengen
Gutschaine => Gutscheine, Gutscheins, Gutschein, Gutscheines, Gutscheinen, Gutschein-, Gutscheinehe, Gut-geige, Gutstheine, Gutschina, Gutschance, Gutschile, Gutsrhein, Gutsrheins, Gutsthein, Gutschaoite, Gutscharge, Gutscharme, Gutschatline, Gutschitine
Komunkationsinstrumente => Kommunikationsinstrumente
mogligkeit => 
Gelbensäcke => Grabensäcke, Felsensäcke, Bebensäcke, Kolbensäcke, Gelenksäcke, Galgensäcke, Gebersäcke, Gallensäcke, Geigensäcke, Wellensäcke
WIFI => VII, VIII, HIV, IWF, VDI, ICI, MITI, VLSI, II, III, MIDI, VI, VwV, XII, XIII, XIV, WIFO, VIP, VIPs, WWF
Aussenvisualisierung => 
Flucke => Flocke, Pflöcke, Flecke, Fluke, Glucke, Fläche, Flagge, Flucht, Flecken, Glocke, Blöcke, Flanke, Fleck, Fluch, Drucke, Funke, Flick, Fluge, Flöze, Flecks
flucke => Glucke, flicke, flocke, fluche, pflücke, flache, Glocke, Blöcke, flügge, Drucke, pflücken, flinke, flicken, fliege, fluchen, fluchte, pflückt, Flocke, Pflöcke, blicke
Authorisierung => Autorisierung, Motorisierung, Autorisieren, Autorisierens, Autorisierungen
Gallerie => Galerie, Gallerte, Galerien, Valerie, Galeere, Sellerie, Ballerei, Fallserie, Galerie-, Gallert, Gallerten, Gallertes, Gallerts, Gallierin, Ballere, Ballerte, Gallertig, Gallertige, Kalbere, Kalberte
Gallionsfigur => Galionsfigur
Velour => Velours, Velum, Venus, Zäsur, Silur, Femur, Tellur, Vesuv, Lemur, Velburg, Velo, Velos, Velums, Venloer, Belud, Retour, Verlor, Velar
Standart => Standard, Standort, Standards, Standarte, Sandart, Standard-, Standrad, Startart, Stadtrat, Standorte, Stanford, Standorts, Stadtarzt, Standarten, Stadtamt, Stammart, Startort, Handart, Landart, Stadtakt
Stehgreif => Steh greif, Stegreif, Steckreif, Steckreis, Stehreif, Stegreifs, Steh-reif, Steigreif, Steinreif, Stückreif, Stuhlreif, Speckreif, Spähreif, Späh-reif, Stahlreif, Steck-reif, Steig-reif, Steilreif, Stellreif, Sternreif
Boing => Boeing, Ging, Neun, Blick, Bonn, Fing, Wohin, Beine, Beute, Hing, Honig, Beugung, Beuys, Bohrung, Doping, Sing, Bering, Bongo, Borna, Leuna
Billiard => Billard, Billiarde, Milliarde, Billiarden, Bilchart, Billard-, Billigrad, Billigst
Beredtsamkeit => Beredsamkeit, Bedeutsamkeit
Bibiothek => Bibliothek, Hypothek
Bisquit => Biskuit, Bismut, Biskuits
Boxhorn => Bockshorn, Bockhorn, Boxern, Buchhorn, Boxdorf, Rothorn, Bohrdorn, Bachhorn, Bockshorns
Boomerang => Boome rang, Boomdrang, Bumerang, Boomtrank, Boom-rang, Boomprag, Boombrand, Boomiran, Boomorange, Boomzwang, Boomhang, Boombranche, Boomehrung, Boomuran, Boomwrack, Boomirans, Boomkran, Boomkranz, Boomstrang, Boomgang
Brandwein => Brand wein, Branntwein, Grundwein, Landwein, Brandteig, Bandteil, Brandern, Brandstein, Brandweg, Brandwege, Brandwegen, Brandwegs, Brandwehr, Brandzeit, Brennwein, Branden, Brandheiß
Mafiosis => Mafiosi, Mafioso, Mafioses, Mafiosi s, Mafios, Mafiose, Mafiosem, Mafiosen, Mafioser, Mafiosest, Mafiöses
Mindeshöhe => Kindeshöhe, Mindesthöhe, Kinderhöhe, Landeshöhe, Hinterhöhe, Miethöhe, Mindesthöhen, Winterhöhe, Mittelhöhe, Bundeshöhe, Mantelhöhe, Minenhöhe, Mieterhöhe, Mandelhöhe, Windenhöhe, Tintenhöhe, Windelhöhe, Bindehöhe, Windeishöhe, Eintesthöhe
Abiturenten => Abiturrenten, Abiturienten, Spitzrenten, Abiturientin, Abbaurenten, AbiturientIn, Abiturienten-, Abiturnoten, Abiturreden, Abstufenden
Ankumft => Ankunft
assozial => asozial, sozial, asoziale, unsozial, dissozial
Atomsphäre => Atomspiere, Atmosphäre, Atomseher, Atmosphären, Atomstiere, Atoms-hexe, Atoms-hure, Atomspeer, Atomspeers, Atomspieren, Atomspore, Atomsehern
Augenlieder => Auge-glieder, Augenlider, Außenleiter, Augenleiden, Augenlidern, Augenbilder, Augenlides, Gegenlieder, Jugendlieder, Lügenlieder, Galgenlieder
Babies => Babys, Barbies, Basis, Papier, Baches, Bandes, Sapiens, Baues, Baumes, Bades, Balles, Barbier, Backes, Barbie, Bowies, Karies, Maries, Bartes, Bubis, Labiles
Billiardtisch => Billardtisch, Billigradtisch, Billardtische
brilliant => brillant, brillante, Brillant, Brillianz, brillant-, brilliert
Bundstiftzeichnung => Buntstiftzeichnung, Zündstiftzeichnung, Buntstiftzeichnungen, Sandstiftzeichnung
desweiteren => des weiteren
Eifelturm => Eiffelturm, Eiffelturms, Eisenturm, Bibelturm, Eifeldorf, Eifeltor, Einzelturm, Gipfelsturm, Gipfeltour, Zielturm
bischen => Nischen, bisschen, mischen, biegen, fischen, picken, wischen, biogen, zischen, tischen, Fischen, Mischen, Tischen, Wischen, Zischen, böschen, paschen, pirschen, puschen, pyogen
Endtäuschung => Enttäuschung, Eindeutschung, Enttäuschungen, Entseuchung, Enttäuschen, Enttäuschens, Mondtäuschung, Enttäuschend
Endwickler => Entwickler, Entwicklern, Entwicklers, Entwickler-, Entwickle, Entwickeln, EntwicklerIn, Entwicklerin, Entwickelt, Entwickelter, Entwickele, Entwickel
Geburtstagsparties => Geburtstagspartien, Geburtstagspartys, Geburtstagsparty, Geburtstagsparis, Geburtstagsparteien, Geburtstagspartner, Geburtstagsparadies, Geburtstagspartikel, Geburtstagspaktes, Geburtstagsparität, Geburtstagskaries, Geburtstagsportier, Geburtstagsbartes, Geburtstagspartikels, Geburtstagsportiers, Geburtstagspartei-, Geburtstagspartners, Geburtstagsparts, Geburtstagspatres, Geburtstagssardes
getz => Netz, Metz, Wetz, setz, wetz, März, ganz, geht, gut, kein, kurz, jetzt, setzt, Sitz, gute, jede, Satz, gelb, Herz, Rede
geupdated => säubertet
Gleichberichtigung => Gleichberichtachtung, Gleichberechtigung, Gleichberichttagung, Gleichberichtübung, Gleichberichtikone, Gleichberichtschwung, Gleichberichtgang, Gleichberichtächtung, Gleichberichtinnung, Gleichberichtprunk, Gleichberichtölung, Gleichberichtregung, Gleichberichtwägung, Gleichberichtschund, Gleichbericht-gang, Gleichberichtfugung, Gleichberichtfügung, Gleichberichtirrung, Gleichberichtlegung, Gleichberichtstunk
Gothik => Gotik, Gotin, Zotig, Tätig, Gott, Nötig, Motiv, Ethik, Gotha, Optik, Mutig, Goten, Notiz, Antik, Zottig, Motorik, Artig, Gütig, Poti, Batik
gothisch => gotisch, gotische, gothaisch, gotischen, optisch, gotischer, konisch, chaotisch, ethisch, gotischem, gotisches, komisch, modisch, motorisch, mythisch, notorisch, Irtysch, Rothirsch, Fetisch, attisch
Grüsse => Grüße, Größe, Grüßen, Güsse, Große, Müsse, Brüssel, Flüsse, Gründe, Presse, Größen, Trasse, Gasse, Gruß, Nüsse, Grüßt, Krasse, Drüse, Glosse, Grüßte
Gruss => Gruß, Gauß, Guss, Grass, Groß, Gruß-, Muss, Fluss, Grund, Größe, Brust, Grube, Riss, Genuss, Gruft, Neuss, Heuss, Kuss, Drusus, Gaues
Hobbies => Hobbes, Hobbys, Hobbits, Hippies, Zombies, Hobbit, Sophies, Hospizes, Lobbys, Yuppies, Habibes, Hippie, Hobby, Hobby-, Hobbyist, Lobpries, Poppiges, Happiges, Hoppel, Hopple
Junggesellinnenabschiedsparties => 
kumuniziert => kommuniziert
Mitlieder => Mitglieder, Mitbieter, Mitleiter, Mitmieter, Mitgliedern, Mitgliedes, Mitbietern, Mitbieters, Mitdiener, Mitglieder-, Mitleides, Mitleitern, Mitleiters, Mitleser, Mitmietern, Mitmieters, Mitreeder, Mitleiden, Mitbiete, Mitbieten
Nagelpfeile => Nagel-eile, Nagelfeile, Nagelseile, Nadelfeile, Nagelfeilen, Nagel-feile, Nadelfeilen, Wagenpfeile, Hagelfeile, Hagel-feile, Nadel-feile, Nagelfeste
Nationalhymen => Nationalarmen, Nationalhymne, Nationalhymnen, Nationalheimen, Nationalismen
orginal => original, ordinal, originale, marginal, vaginal, orbital, Original, Urinal, ordinale, original-
präkerer => prekärer, prekäre, prekären, prekärem, prekäres, trägerer, Druckerei, trockener, primärer, breiterer, prekär, prägender, freierer, Treverer, beackere, beackerter, biederer, brackiger, braverer, bröckele
rüstplan => Westplan, Erstplan, Ostplan, Restplan, Testplan, Brustplan, Gastplan, Frostplan, Lustplan, Obstplan, Rostplan, Astplan, Festplan, Lastplan, Mastplan, Postplan, Rastplan, Süßplan, Süß-plan, Zündplan
rauhe => raue, rauche, raube, raufe, raune, raute, ruhe, nahe, baute, Sache, ruht, Pause, Rache, Ruhe, Taufe, braune, graue, mache, rasche, ruhen
Reperatur => Reparatur, Temperatur, Reparateur, Reparatur-
Rythmus => Rhythmus, Rhythmus-, Rathaus, Ritus, Rhythmen, Isthmus, Rhythmik, Rothaus, Cityhaus, Radhaus
Schnellbusen => Schnellbussen, Schnellbus, Schnellbusse, Schnellboten, Schnellfußes, Schnellfüßen, Schnellkursen, Schnelllesen, Schnellposten
schpeter => später, späten, spätere, späte, spätes, spätem, späteren, schwerer, spät, späterer, schieden, späteres, schmäler, spitzer, späterem, schräger, scheuer, schiefer, speien, schütter
Schreibwiese => Schreib wiese, Schrei-wiese, Schreibweise, Schrei-weise, Schreibweisen, Schrei-wiesen, Schreibvieh
Seriösität => Seriosität
Singel => Winkel, Siegel, Kinkel, Sigel, Dinkel, Senkel, Dingel, Pinkel, Singen, Single, Sinken, Sinker, Gingen, Linken, Sinne, Sänger, Linke, Dinge, Siege, Sieger
Sisiphusarbeit => Sisyphusarbeit
stile => Stile, Edie
Sylvesterfeier => Silvestereier, Silvesterfeier, Silvesterfeiern, Silvester-feier
Tortour => Tortur, Torturm, Rohrtour, Komtur, Kontur, Textur, Tonsur, Torburg, Vortor, Bohrturm, Torturen, Torturms, Torwurf, Borduhr, Bordun, Montur, Mordtour, Nordtour, Tartus, Tektur
Ubüngen => Bingen, Übungen, Grüngen, Ebingen, Spangen, Sprüngen, Spülgen, Usingen, Bangen, Thüngen, Bürgen, Düngen, Ubychen, Uplengen
Urahnbergbau => Uranbergbau, Uranbergbaus
Urahnbrennstäbe => Uranrennstäbe, Uranbrennstäbe, Uranbrennstäben
Verwandschaft => Verbandshaft, Verwandtschaft
Volkslider => Volkseide, Volkslieder, Volkstier, Volkslied, Volkseiden, Volksliedern, Volksester, Volksliedes, Volkskater, Volkslieds, Volksaltäre, Volksgüter, Volksleiden, Volkszither
vorraus => vor raus, voraus, vormals, woraus, Torhaus, Vorraum, vorlas, Torraum, Vorbaus, vorlaut, Torbaus, Vorhaus, Bohrhaus, Rohrhaus, Toraus, Torraums, Vorrats, Vorraums, vorauf, vorkaue
Währungsfond => Währungsport, Währungsfonds, Währungspott, Währungsgold, Währungskonto, Währung-fort, Währungszone, Währungsion, Währungsions
Widergabe => Wiedergabe, Vergabe, Weitergabe, Widerklage, Videokabel, Videotape, Watergate, Wiedergabe-, Witwengabe, Wundergabe, Wiedergab, Wiedergaben, Widerrate, Wiedergabt, Wiedergebe, Wiedergäbe, Wiederhabe, Widersage
wiederspiegeln => wieder spiegeln, Mieterspiegeln, widerspiegeln, Leiterspiegeln, widerspiegelt, Ritterspiegeln, widerspiegele, Reiterspiegeln, Gitterspiegeln, Mietenspiegeln, Fieberspiegeln, Kieferspiegeln, Widerspiegeln, Lederspiegeln, widerspiegelnd, Siedlerspiegeln, Filterspiegeln, Winterspiegeln
Wiederspruch => Mieterspruch, Widerspruch, Winterspruch, Widerspruchs, Videospruch, Kinderspruch, Leiterspruch, Wetterspruch, Ritterspruch, Widersprach, Reiterspruch, Gitterspruch, Hinterspruch, Weitersprach, Fieberspruch, Widersprich, Kieferspruch, Lederspruch, Siedlerspruch, Filterspruch
wiederstand => wieder stand, Mieterstand, widerstand, Leiterstand, Ritterstand, wiederfand, Reiterstand, Gitterstand, Mieterstadt, Fieberstand, Kieferstand, Widerstand, Lederstand, weitersand, Siedlerstand, wiedererstand, Filterstand, Winterstand
Bem => Dem, Bär, Wem, Bea, Bei, Ben, Beo, Bey, Häm, Der, Den, Des, Im, Er, Am, Es, Um, Zum, Vom, Beim
bem => dem, bei, beim, per, ppm, wem, peu, Häm, der, den, des, im, er, über, am, bis, es, um, zum, aber
