# Compiled by Tiago F. Santos <tiagofsantos81@sapo.pt>
#
# Mostly from wikipedia:
# https://pt.wikipedia.org/wiki/Lista_de_diferen%C3%A7as_lexicais_entre_vers%C3%B5es_da_l%C3%ADngua_portuguesa
# https://pt.wiktionary.org/wiki/Categoria:Grafia_brasileira
# Este texto é disponibilizado nos termos da licença
# Creative Commons - Atribuição - Compartilha Igual 3.0 Não Adaptada (CC BY-SA 3.0);
# pode estar sujeito a condições adicionais. Para mais detalhes, consulte as Condições de Uso.
#
# Português de Portugal=Português do Brasil
#
aalénio=aalênio
aalénios=aalênios
aarónico=aarônico
aarónicos=aarônicos
abdómen=abdômen
abdómens=abdômens
abiogénese=abiogênese
abiogéneses=abiogêneses
abre-garrafas=abridor de garrafas
abre-latas=abridor de latas
absalónico=absalônico
absalónicos=absalônicos
absentísmo=absenteísmo
abstémio=abstêmio
abstémios=abstêmios
académia=acadêmia
académias=acadêmias
académico=acadêmico
académicos=acadêmicos
acanónico=acanônico
acanónicos=acanônicos
talho=açougue
talhos=açougues
acrónimo=acrônimo
acrónimos=acrônimos
actinómice=actinômice
actinómices=actinômices
adansónia=adansônia
adansónias=adansônias
adónio=adônio
adónios=adônios
aerofónio=aerofônio
aerofónios=aerofônios
hospedeira de bordo=aeromoça
hospedeiro de bordo=aeromoço
hospedeiros de bordo=aeromoços
afónico=afônico
afónicos=afônicos
africaner=africâner
africaners=africâners
agrónoma=agrônoma
agrónomas=agrônomas
agronómica=agronômica
agronómicas=agronômicas
agronómico=agronômico
agronómicos=agronômicos
agrónomo=agrônomo
agrónomos=agrônomos
alforreca=água-viva
alforrecas=águas-vivas
aiatola=aiatolá
aiatolas=aiatolás
alcióneo=alciôneo
alcióneos=alciôneos
alho-porro=alho-poró
alho-porros=alho-porós
alhos-porros=alhos-porós
alma gémea=alma gêmea
alma gémeas=alma gêmeas
almas gémeas=almas gêmeas
alucinogénia=alucinogênia
alucinogénias=alucinogênias
alucinogénica=alucinogênica
alucinogénicas=alucinogênicas
alucinogénico=alucinogênico
alucinogénicos=alucinogênicos
alucinogénio=alucinogênio
alucinogénios=alucinogênios
amaciador=amaciante
apertar o atacador=amarrar o cadarço
Amazónia=Amazônia
amazónica=amazônica
amazónicas=amazônicas
amazónico=amazônico
amazónicos=amazônicos
ambrósia=ambrosia
Amesterdão=Amsterdã
anacrónico=anacrônico
anacrónicos=anacrônicos
anatómico=anatômico
anatómicos=anatômicos
andrómeda=andrômeda
andrómedas=andrômedas
Andrómeda=Andrômeda
Andrómedas=Andrômedas
anemómetro=anemômetro
anemómetros=anemômetros
anfictiónio=anfictiônio
anfictiónios=anfictiônios
aniónico=aniônico
aniónicos=aniônicos
amnistia=anistia
amnistias=anistias
anómala=anômala
anómalas=anômalas
anómalo=anômalo
anómalos=anômalos
anómico=anômico
anómicos=anômicos
anónimo=anônimo
anónimos=anônimos
antagónico=antagônico
antagónicos=antagônicos
antifónica=antifônica
antifónicas=antifônicas
antifónico=antifônico
antifónicos=antifônicos
antigéneo=antígeno
antigéneos=antígenos
antimónio=antimônio
antimónios=antimônios
Antónia=Antônia
Antónias=Antônias
antónimo=antônimo
antónimos=antônimos
António=Antônio
Antónios=Antônios
antropónimo=antropônimo
antropónimos=antropônimos
antroponómico=antroponômico
antroponómicos=antroponômicos
antropotómico=antropotômico
antropotómicos=antropotômicos
videoconsola=aparelho de videogame
apendicectómico=apendicectômico
apendicectómicos=apendicectômicos
afia-lápis=apontador
aguarela=aquarela
aguarelas=aquarelas
aquénio=aquênio
aquénios=aquênios
árgon=argônio
argónios=argônios
Arménia=Armênia
arménio=armênio
arménios=armênios
arquitetónica=arquitetônica
arquitetónicas=arquitetônicas
arquitetónico=arquitetônico
arquitetónicos=arquitetônicos
Arsénia=Arsênia
arsénico=arsênico
arsénicos=arsênicos
arsénio=arsênio
arsénios=arsênios
arsénios=arsênios
artefacto=artefato
artes cénicas=artes cênicas
astronómico=astronômico
astronómicos=astronômicos
astrónomo=astrônomo
astrónomos=astrônomos
avançado=atacante
avançados=atacantes
aterragem=aterrissagem
aterragens=aterrissagens
aterrar=aterrissar
atmómetro=atmômetro
atmómetros=atmômetros
atómico=atômico
atómicos=atômicos
atónito=atônito
atónitos=atônitos
atraciómetro=atraciômetro
atraciómetros=atraciômetros
ausónio=ausônio
ausónios=ausônios
auto-ónibus=auto-ônibus
autocrómico=autocrômico
autocrómicos=autocrômicos
autómato=autômato
autómatos=autômatos
autónimo=autônimo
autónimos=autônimos
autonómico=autonômico
autonómicos=autonômicos
autónomo=autônomo
autónomos=autônomos
azémola=azêmola
azémolas=azêmolas
Babilónia=Babilônia
bafómetro=bafômetro
bafómetros=bafômetros
penso-rápido=bandeide
cantina=bandejão
cantinas=bandejãos
bandó=bandô
bandós=bandôs
casa de banho=banheiro
toilet=banheiro
barómetro=barômetro
barómetros=barômetros
bebé=bebê
bebés=bebês
grande-kiskadi=bem-te-vi
biatómico=biatômico
biatómicos=biatômicos
bidé=bidê
bidés=bidês
biénio=biênio
biénios=biênios
bilboqué=bilboquê
bilboqués=bilboquês
binómio=binômio
binómios=binômios
biogénese=biogênese
biogéneses=biogêneses
manga de vento=biruta
mangas de vento=birutas
blasfémia=blasfêmia
blasfémias=blasfêmias
assalariado rural=boia-fria
assalariados rurais=boias-frias
bowling=boliche
bolónio=bolônio
bolónios=bolônios
eléctrico=bonde
eléctricos=bondes
brócolos=brócolis
sarjeta=bueiro
sarjetas=bueiros
# rabo=bunda
# rabos=bundas
cacofónico=cacofônico
cacofónicos=cacofônicos
atacador=cadarço
pequeno-almoço=café da manhã
pequenos-almoços=cafés da manhã
calcedónia=calcedônia
calcedónias=calcedônias
camião=caminhão
camisa-de-vénus=camisa-de-vênus
campónio=campônio
campónios=campônios
canadiano=canadense
canadianos=canadenses
cancro=câncer
cancros=cânceres
Caranguejo=Câncer
canónico=canônico
canónicos=canônicos
dióspiro=caqui
dióspiros=caquis
carbonómetro=carbonômetro
carbonómetros=carbonômetros
Caraíbas=Caribe
boleia=carona
boleias=caronas
carrinho de bebé=carrinho de bebê
carrinho de bebés=carrinho de bebês
carrinhos de bebé=carrinhos de bebê
carrinhos de bebés=carrinhos de bebês
carro descapotável=carro conversível
carta de condução=carta de motorista
cartas de condução=cartas de motorista
cataménio=catamênio
cataménios=catamênios
caténula=catênula
caténulas=catênulas
catião=cátion
catiãos=cátions
bilhete de identidade=cédula de identidade
consoada=ceia de Natal
consoadas=ceias de Natal
cénico=cênico
cénicos=cênicos
cerimónia=cerimônia
cerimónias=cerimônias
cerimónias=cerimônias
cabaz de Natal=cesta de Natal
Tchetchénia=Chechênia
ciências económicas=ciências econômicas
cliché=clichê
clichés=clichês
pontapé-de-canto=cobrança de escanteio
nome de código=codinome
nome de códigos=codinomes
colónia=colônia
colónias=colônias
Colónia=Colônia
cómico=cômico
cómicos=cômicos
comité=comitê
comités=comitês
cómoda=cômoda
cómodas=cômodas
cómodo=cômodo
cómodos=cômodos
cónego=cônego
cónegos=cônegos
congénere=congênere
congéneres=congêneres
congénito=congênito
congénitos=congênitos
cónico=cônico
cónicos=cônicos
consola de videojogos=console
consolas de videojogos=consoles
convénio=convênio
convénios=convênios
Copenhaga=Copenhague
correio eletrónico=correio eletrônico
correio eletrónicos=correio eletrônicos
criptónimo=criptônimo
criptónimos=criptônimos
crípton=criptônio
crómio=crômio
crómios=crômios
cromossómico=cromossômico
cromossómicos=cromossômicos
crónica=crônica
crónicas=crônicas
crónico=crônico
crónicos=crônicos
cronómetro=cronômetro
cronómetros=cronômetros
cronónimo=cronônimo
cronónimos=cronônimos
daltónico=daltônico
daltónicos=daltônicos
decénio=decênio
decénios=decênios
descolagem=decolagem
descolagem=decolagem
descolagems=decolagems
descolagems=decolagens
descolar=decolar
esquadra de polícia=delegacia
demónio=demônio
demónios=demônios
Deuteronómio=Deuteronômio
Deuteronómios=Deuteronômios
dezanove=dezenove
dezasseis=dezesseis
dezasseis=dezessete
diacrónico=diacrônico
diacrónicos=diacrônicos
diatómico=diatômico
diatómicos=diatômicos
esquadra de polícia=distrito policial
esquadras de polícia=distritos policiais
Jibuti=Djibuti
ADN=DNA
dodecafónica=dodecafônica
dodecafónicas=dodecafônicas
dodecafónico=dodecafônico
dodecafónicos=dodecafônicos
dodó=dodô
dodós=dodôs
dobragem=dublagem
legendagem=dublagem
dobragems=dublagens
legendagens=dublagens
legendar=dublar
económico=econômico
económicos=econômicos
economista=ecônomo
economistas=ecônomos
ectómico=ectômico
ectómicos=ectômicos
efémera=efêmera
efémeras=efêmeras
efémero=efêmero
efémeros=efêmeros
eletrão=elétron
eletrónica=eletrônica
eletrónicas=eletrônicas
eletrónico=eletrônico
eletrónicos=eletrônicos
eletrãos=elétrons
enantiómero=enantiômero
enantiómeros=enantiômeros
epagómeno=epagômeno
epagómenos=epagômenos
epictónio=epictônio
epictónios=epictônios
epifenómeno=epifenômeno
epifenómenos=epifenômenos
epirogénese=epirogênese
epirogéneses=epirogêneses
epirogénesis=epirogênesis
epistémico=epistêmico
epistémicos=epistêmicos
epónimo=epônimo
epónimos=epônimos
erróneo=errôneo
erróneos=errôneos
esfigmomanómetro=esfigmomanômetro
esfigmomanómetros=esfigmomanômetros
Eslovénia=Eslovênia
Eslovénias=Eslovênias
esofagectómico=esofagectômico
esofagectómicos=esofagectômicos
esófago=esôfago
esófagos=esôfagos
penso-rápido=esparadrapo
desporto=esporte
pneu sobressalente=estepe
pneus sobressalentes=estepes
pneu sobressalente=esterpe
pneus sobressalentes=esterpe
Estónia=Estônia
caminho-de-ferro=estrada-de-ferro
caminhos-de-ferro=estradas-de-ferro
estrogénio=estrogênio
estrogénios=estrogênios
exónimo=exônimo
exónimos=exônimos
faraónico=faraônico
faraónicos=faraônicos
bairro-de-lata=favela
favónio=favônio
favónios=favônios
Favónios=Favônios
# quinta=fazenda
# quintas=fazendas
fecho éclair=fecho ecler
fémur=fêmur
fémurs=fêmurs
fenómeno=fenômeno
fenómenos=fenômenos
fermião=férmion
fermiãos=férmions
ferro de engomar=ferro de passar
filarmónica=filarmônica
filarmónicas=filarmônicas
filarmónico=filarmônico
filarmónicos=filarmônicos
filónio=filônio
filónios=filônios
matraquilhos=fla-flu
matraquilhos=fla-flus
auscultadores=fones
fotogénico=fotogênico
fotogénicos=fotogênicos
fotão=fóton
fotónico=fotônico
fotónicos=fotônicos
fotãos=fótons
travão=freio
travões=freios
frénico=frênico
frénicos=frênicos
gasolineiro=frentista
armazém industrial=galpão
galvanómetro=galvanômetro
galvanómetros=galvanômetros
gardénia=gardênia
gardénias=gardênias
Gardénias=Gardênias
Gardénias=Gardênias
Gardénio=Gardênio
Gardénios=Gardênios
gatimónia=gatimônia
gatimónias=gatimônias
géiser=gêiser
géisers=gêisers
frigorífico=geladeira
frigoríficos=geladeiras
glaciar=geleira
gémeo=gêmeo
gémeos=gêmeos
género musical=gênero musical
género musicals=gênero musicals
género=gênero
géneros musicais=gêneros musicais
géneros=gêneros
géneros=gêneros
génese=gênese
géneses=gêneses
génio=gênio
génios=gênios
geodesia=geodésia
geodesias=geodésias
geogénico=geogênico
geogénicos=geogênicos
geómetra=geômetra
geómetras=geômetras
geónimo=geônimo
geónimos=geônimos
geotectónica=geotectônica
geotectónicas=geotectônicas
gestão=gerenciamento
gestões=gerenciamentos
# gerir=gerenciar
sésamo=gergelim
glicogénica=glicogênica
glicogénicas=glicogênicas
glicogénico=glicogênico
glicogénicos=glicogênicos
glicogénio=glicogênio
glicogénios=glicogênios
gluão=glúon
gluãos=glúons
autogolo=gol-contra
golo=gol
guarda-redes=goleiro
guarda-redes=goleiros
golos=goles
agrafador=grampeador
gravitão=gráviton
gravitãos=grávitons
grémio=grêmio
grémios=grêmios
groenlandés=groenlandês
Groenlandia=Groenlândia
hagiómaco=hagiômaco
hagiómacos=hagiômacos
halocrómico=halocrômico
halocrómicos=halocrômicos
andebol=handbol
andebol=handebol
harmónica=harmônica
harmónicas=harmônicas
harmónico=harmônico
harmónicos=harmônicos
harmónio=harmônio
harmónios=harmônios
hebdómada=hebdômada
hebdómadas=hebdômadas
hectómetro=hectômetro
hectómetros=hectômetros
hegemónico=hegemônico
hegemónicos=hegemônicos
heliómetro=heliômetro
heliómetros=heliômetros
heliotermómetro=heliotermômetro
heliotermómetros=heliotermômetros
Helsínquia=Helsinque
herói-cómico=herói-cômico
herói-cómicos=herói-cômicos
heterogéneo=heterogêneo
heterogéneos=heterogêneos
heterónimo=heterônimo
heterónimos=heterônimos
heteronómico=heteronômico
heteronómicos=heteronômicos
heterónomo=heterônomo
heterónomos=heterônomos
hidrogénio=hidrogênio
hidrogénios=hidrogênios
higiénico=higiênico
higiénicos=higiênicos
higrómetro=higrômetro
higrómetros=higrômetros
hiperónimo=hiperônimo
hiperónimos=hiperônimos
hipertónico=hipertônico
hipertónicos=hipertônicos
hipónimo=hipônimo
hipónimos«=hipônimos
hipotómico=hipotômico
hipotómicos=hipotômicos
hipotónico=hipotônico
hipotónicos=hipotônicos
homogéneo=homogêneo
homogéneos=homogêneos
homónimo=homônimo
homónimos=homônimos
hormoma=hormônio
hormonas=hormônios
idónea=idônea
idóneas=idôneas
idóneo=idôneo
idóneos=idôneos
incómodo=incômodo
incómodos=incômodos
indemnização=indenização
indemnizações=indenizações
indemnizar=indenizar
infrassónicos=infrassônicos
ingénuo=ingênuo
ingénuos=ingênuos
insónia=insônia
insónias=insônias
Irão=Irã
irénicos=irênicos
esferovite=isopor
isotónico=isotônico
isotónicos=isotônicos
Jugoslávia=Iugoslávia
japónico=japônico
japónicos=japônicos
blusão=jaqueta
blusões=jaquetas
jardim de infancia=jardim de infância
jardim de infancias=jardim de infâncias
Jerónimo=Jerônimo
Jerónimos=Jerônimos
Jónatas=Jônatas
Jónia=Jônia
Jónias=Jônias
jónios=jônios
lacónico=lacônico
lacónicos=lacônicos
Lapónia=Lapônia
lapónio=lapônio
lapónios=lapônios
computador portátil=laptop
computadores portáteis=laptops
leptão=lépton
leptãos=léptons
Letónia=Letônia
linha agónica=linha agônica
linha agónicas=linha agônicas
livónio=livônio
livónios=livônios
arrendatário=locatário
arrendatários=locatários
Macedónia=Macedônia
maçónico=maçônico
maçónicos=maçônicos
Madrid=Madri
fato-de-banho=maiô
biberão=mamadeira
biberões=mamadeiras
manicómio=manicômio
manicómios=manicômios
manómetro=manômetro
manómetros=manômetros
# castanho=marrom
massapé=massapê
massapés=massapês
matrimónio=matrimônio
matrimónios=matrimônios
matusalénica=matusalênica
matusalénicas=matusalênicas
matusalénico=matusalênico
matusalénicos=matusalênicos
Maurícias=Maurício
metró=metrô
metropolitano=metrô
metropolitanos=metrôs
metrós=metrôs
milénio=milênio
milénios=milênios
mitónimo=mitônimo
mitónimos=mitônimos
mnemónica=mnemônica
mnemónicas=mnemônicas
molibdénio=molibdênio
molibdénios=molibdênios
Mónaco=Mônaco
Mónica=Mônica
Mónicas=Mônicas
Mónico=Mônico
Mónicos=Mônicos
monómero=monômero
monómeros=monômeros
monómetro=monômetro
monómetros=monômetros
monómio=monômio
monómios=monômios
Moscovo=Moscou
rato=mouse
barbatanas=nadadeiras
natrómetro=natrômetro
natrómetros=natrômetros
nené=nenê
nenés=nenês
neoménia=neomênia
neoménias=neomênias
neónio=neônio
neónios=neônios
neoplatónico=neoplatônico
neoplatónicos=neoplatônicos
neptúnio=netúnio
Neptuno=Netuno
neurasténico=neurastênico
neurasténicos=neurastênicos
neurónio=neurônio
neurónios=neurônios
neutrão=nêutron
neutrãos=nêutrons
nihónio=nihônio
nihónios=nihônios
niónio=niônio
niónios=niônios
nipónico=nipônico
nipónicos=nipônicos
nipónico=nipônio
nipónicos=nipônios
nitrogénio=nitrogênio
nitrogénios=nitrogênios
Noémia=Noêmia
Noémias=Noêmias
Noémio=Noêmio
Noémios=Noêmios
nosocómio=nosocômio
nosocómios=nosocômios
computador portátil=notebook
Nova Caledónia=Nova Caledônia
noz-vómica=noz-vômica
noz-vómicas=noz-vômicas
número atómico=número atômico
número atómicos=número atômicos
odómetro=odômetro
odómetros=odômetros
ómega=ômega
ómegas=ômegas
oncogénese=oncogênese
oncogéneses=oncogêneses
autocarro=ônibus
ónibus=ônibus
omnicolor=onicolor
omnipotente=onipotente
omnipotentes=onipotentes
omnipresença=onipresença
omnipresenças=onipresenças
omnipresente=onipresente
omnipresentes=onipresentes
omnisciente=onisciente
omniscientes=oniscientes
ónix=ônix
ónixs=ônixs
ónus=ônus
opticómetro=opticômetro
opticómetros=opticômetros
optómetro=optômetro
optómetros=optômetros
orogénese=orogênese
orogéneses=orogêneses
orogénico=orogênico
orogénicos=orogênicos
orómetro=orômetro
orómetros=orômetros
ortofónico=ortofônico
ortofónicos=ortofônicos
ortogénese=ortogênese
ortogéneses=ortogêneses
ortónimo=ortônimo
ortónimos=ortônimos
oxigénio=oxigênio
oxigénios=oxigênios
oximorónica=oximorônica
oximorónicas=oximorônicas
oximorónico=oximorônico
oximorónicos=oximorônicos
matraquilhos=pacau
matraquilhos=pacaus
pastó=pachto
pacómetro=pacômetro
pacómetros=pacômetros
panamiano=panamenho
panamianos=panamenhos
panamiano=panamense
panamianos=panamenses
pandemónica=pandemônica
pandemónicas=pandemônicas
pandemónico=pandemônico
pandemónicos=pandemônicos
pandemónio=pandemônio
pandemónios=pandemônios
paprica=páprica
papricas=pápricas
parcimónia=parcimônia
parcimónias=parcimônias
parónimo=parônimo
parónimos=parônimos
partenogénese=partenogênese
partenogéneses=partenogêneses
patogénico=patogênico
patogénicos=patogênicos
património=patrimônio
patrimónios=patrimônios
matraquilhos=pebolim
portagem=pedágio
portagens=pedágios
péni=pêni
pénico=pênico
pénicos=pênicos
pénis=pênis
carrinha=perua
pirite=pirita
pirites=piritas
pirogénese=pirogênese
pirogéneses=pirogêneses
cunha=pistolão
cunhas=pistolões
placa tectónica=placa tectônica
placa tectónicas=placa tectônicas
planeamento=planejamento
planeamentos=planejamentos
planeamentos=planejamentos
planear=planejar
platónico=platônico
platónicos=platônicos
plutónio=plutônio
plutónios=plutônios
poema sinfónico=poema sinfônico
poemas sinfónicos=poemas sinfônicos
polémica=polêmica
polémicas=polêmicas
polémico=polêmico
polémicos=polêmicos
polifónica=polifônica
polifónicas=polifônicas
polifónico=polifônico
polifónicos=polifônicos
polinómio=polinômio
polinómios=polinômios
polaco=polonês
Polónia=Polônia
polónio=polônio
polónios=polônios
pómulo=pômulo
pómulos=pômulos
pónei=pônei
póneis=pôneis
póquer=pôquer
póqueres=pôqueres
póquers=pôquers
pornó=pornô
pornofónica=pornofônica
pornofónicas=pornofônicas
pornofónico=pornofônico
pornofónicos=pornofônicos
pornós=pornôs
positrão=pósitron
positrãos=pósitrons
potamónimo=potamônimo
potamónimos=potamônimos
prémio=prêmio
prémios=prêmios
primogénito=primogênito
primogénitos=primogênitos
proémio=proêmio
proémios=proêmios
progénie=progênie
progénies=progênies
prolegómenos=prolegômenos
protão=próton
protãos=prótons
pseudónimo=pseudônimo
pseudónimos=pseudônimos
Quénia=Quênia
quilómetro=quilômetro
quilómetros=quilômetros
quinquénio=quinquênio
quinquénios=quinquênios
radónio=radônio
radónios=radônios
randómico=randômico
randómicos=randômicos
frigorífico=refrigerador
registador=registrador
registamos=registramos
rémora=rêmora
rémoras=rêmoras
rénio=rênio
rénios=rênios
República da Macedónia=República da Macedônia
Républica Checa=República Tcheca
cimeira=reunião de cúpula
cimeiras=reuniões de cúpula
ribossómico=ribossômico
ribossómicos=ribossômicos
roentgénio=roentgênio
roentgénios=roentgênios
Roménia=Romênia
Rómulo=Rômulo
râguebi=rúgbi
ruténio=rutênio
ruténios=rutênios
salomónica=salomônica
salomónicas=salomônicas
salomónico=salomônico
salomónicos=salomônicos
guardar arquivo=salvar arquivo
santimónia=santimônia
santimónias=santimônias
atendedor de chamadas=secretária eletrônica
selénio=selênio
selénios=selênios
sémen=sêmen
sémens=sêmens
sémis=sêmis
Semprónia=Semprônia
Semprónio=Semprônio
sénio=sênio
sénios=sênios
detecção remota=sensoriamento remoto
sincrónico=sincrônico
sincrónicos=sincrônicos
administrador de condomínio=síndico
sinfónica=sinfônica
sinfónicas=sinfônicas
sinfónico=sinfônico
sinfónicos=sinfônicos
Sinfrónia=Sinfrônia
Sinfrónio=Sinfrônio
sinónimo=sinônimo
sinónimos=sinônimos
sistema operativo=sistema operacional
sistemas operativos=sistemas operacionais
sistémico=sistêmico
sistémicos=sistêmicos
vivenda=sobrado
vivendas=sobrados
sónico=sônico
sónicos=sônicos
sonómetro=sonômetro
sonómetros=sonômetros
gelado=sorvete
 concertino=spalla
spintrónica=spintrônica
spintrónicas=spintrônicas
sumo de fruta=suco de fruta
calções de banho=sunga
calções de banho=sungas
teclista=tecladista
teclistas=tecladistas
tecnónimo=tecnônimo
tecnónimos=tecnônimos
Teerão=Teerã
telemóvel=telefone celular
telefónico=telefônico
telefónicos=telefônicos
telémetro=telêmetro
telémetros=telêmetros
ténis=tênis
ténue=tênue
ténues=tênues
teónimo=teônimo
teónimos=teônimos
termómetro=termômetro
termómetros=termômetros
terramoto=terremoto
terramotos=terremotos
teutónico=teutônico
teutónicos=teutônicos
equipa=time
equipas=times
pontapé-de-baliza=tiro de meta
gira-discos=toca-discos
tónico=tônico
tónicos=tônicos
tonómetro=tonômetro
tonómetros=tonômetros
topónimo=topônimo
topónimos=topônimos
tornozeleira eletrónica=tornozeleira eletrônica
tornozeleira eletrónicas=tornozeleira eletrônicas
tornozeleiras eletrónicas=tornozeleiras eletrônicas
toxémico=toxêmico
toxémicos=toxêmicos
toxicémico=toxicêmico
toxicémicos=toxicêmicos
toxicómano=toxicômano
toxicómanos=toxicômanos
toxiquémico=toxiquêmico
toxiquémicos=toxiquêmicos
trabalhador autónomo=trabalhador autônomo
trabalhadora autónoma=trabalhadora autônoma
trabalhadoras autónomas=trabalhadoras autônomas
trabalhadores autónomos=trabalhadores autônomos
comboio=trem
trémulo=trêmulo
trémulos=trêmulos
comboios=trens
Triásico=Triássico
triénio=triênio
triénios=triênios
trinómio=trinômio
trinómios=trinômios
tungsténio=tungstênio
tungsténios=tungstênios
ultrassónico=ultrassônico
ultrassónicos=ultrassônicos
umbigo-de-vénus=umbigo-de-vênus
humectante=umectante
humectantes=umectantes
humectar=umectar
humectares=umectares
humedecer=umedecer
humedeceres=umedeceres
humedecido=umedecido
humedecidos=umedecidos
humedecimento=umedecimento
humedecimentos=umedecimentos
humente=umente
humentes=umentes
humidificado=umidificado
humidificados=umidificados
unidade astronómica=unidade astronômica
unidade astronómicas=unidade astronômicas
utilizador=usuário
utilizadores=usuários
venda a retalho=varejo
vendas a retalho=varejos
vedeta=vedete
vedetas=vedetes
venda por grosso=venda no atacado
vénero=vênero
véneros=vêneros
Véneto=Vêneto
ventoinha=ventilador
Vénus=Vênus
Verónica=Verônica
Verónicas=Verônicas
Verónico=Verônico
Verónicos=Verônicos
videojogo=videogame
videojogos=videogames
Vietname=Vietnã
apóstrofe=viracentot
apóstrofes=viracentos
gira-discos=vitrola
gira-discos=vitrolas
# médio=volante
Volkswagen Carocha=Volkswagen Fusca
vómer=vômer
vómers=vômers
vómito=vômito
vómitos=vômitos
wolframio=wolfrâmio
wolframios=wolfrâmios
champô=xampu
champôs=xampus
xenónio=xenônio
xenónios=xenônios
xilarmónico=xilarmônico
xilarmónicos=xilarmônicos
# defesa=zagueiro
# defesas=zagueiros
porteiro=zelador
zénite=zênite
zénites=zênites
zenónico=zenônico
zenónicos=zenônicos
fecho-de-correr=zíper
zircónio=zircônio
zircónios=zircônios
