# A POS tag dictionary that's used as an addition (or as a fix) to catalan.dict
# These words are candidates to be added (or fixed) in catalan.dict in the future
# File Encoding: UTF-8
# Format: fullform baseform postags (tab separated)
########## Dictionary fixes ##########
########## Additions ##########
ACIS	ACIS	NPCNO00
AEMET	AEMET	NPFSO00
Akhenaton	Akhenaton	NPMSSP0
Al-Assad	Al-Assad	NPCSG00
Al-Hilal	Al-Hilal	NPMSO00
Al-Hàkam	Al-Hàkam	NPMSSP0
Al-Shifa	Al-Shifa	NPCNO00
Al-Àndalus	Al-Àndalus	NPCSG00
Alberdi	Alberdi	NPCNSP0
Alcmena	Alcmena	NPFSSP0
Amat-Piniella	Amat-Piniella	NPCNSP0
Amenhotep	Amenhotep	NPMSSP0
Amenofis	Amenofis	NPMSSP0
Andrew	Andrew	NPCNSP0
Andy	Andy	NPCNSP0
Asier	Asier	NPMSSP0
Atahualpa	Atahualpa	NPMSSP0
Atatürk	Atatürk	NPCNSP0
Auden	Auden	NPCNSP0
Baader-Meinhof	Baader-Meinhof	NPCNO00
Barcino	Barcino	NPCSG00
Berkshire	Berkshire	NPCSG00
Bizet	Bizet	NPCNSP0
Boccherini	Boccherini	NPCNSP0
Borodín	Borodín	NPCNSP0
Buxtehude	Buxtehude	NPCNSP0
Böhm	Böhm	NPCNSP0
C	C	AO0CN0
CFA	CFA	NCMP000
CFA	CFA	NCMS000
CPNL	CPNL	NPMNO00
Canvas	Canvas	NPMNO00
Caruso	Caruso	NPCNSP0
Champagnat	Champagnat	NPCNSP0
Charpentier	Charpentier	NPCNSP0
Chloe	Chloe	NPFSSP0
Cimarosa	Cimarosa	NPCNSP0
Clavé	Clavé	NPCNSP0
Cleopatra	Cleopatra	NPFSSP0
Comenius	Comenius	NPCNSP0
Condis	Condis	NPMNO00
Cotarelo	Cotarelo	NPCNSP0
Czerny	Czerny	NPCNSP0
Divali	Divali	NPFSO00
Diàguilev	Diàguilev	NPCNSP0
Domènech	Domènech	NPCNSP0
Donets	Donets	NPMSG00
Dutilleux	Dutilleux	NPCNSP0
EGM	EGM	NPMSO00
EOI	EOI	NCFP000
EOI	EOI	NCFS000
Echegaray	Echegaray	NPCNSP0
Enzo	Enzo	NPMSSP0
Escalante	Escalante	NPCNSP0
Esterházy	Esterházy	NPCNSP0
FEP	FEP	NPFSO00
Fagradalsfjall	Fagradalsfjall	NPMSG00
FilminCAT	FilminCAT	NPCNO00
Fischer-Dieskau	Fischer-Dieskau	NPCNSP0
Font-rúbia	Font-rúbia	NPFSG00
Fontcuberta	Fontcuberta	NPCNSP0
Freddy	Freddy	NPMSSP0
Frescobaldi	Frescobaldi	NPCNSP0
Fröbel	Fröbel	NPCNSP0
Fubini	Fubini	NPCNSP0
Furtwängler	Furtwängler	NPCNSP0
Garnier	Garnier	NPCNSP0
Geminiani	Geminiani	NPCNSP0
Gesualdo	Gesualdo	NPCNSP0
Ginastera	Ginastera	NPCNSP0
Glazunov	Glazunov	NPCNSP0
Glinka	Glinka	NPCNSP0
Glyndebourne	Glyndebourne	NPCSG00
Gounod	Gounod	NPCNSP0
Grindavík	Grindavík	NPCSG00
Hancock	Hancock	NPCNSP0
Hatxepsut	Hatxepsut	NPFSSP0
Hofmann	Hofmann	NPCNSP0
Hollande	Hollande	NPCNSP0
Holzhausen	Holzhausen	NPCNSP0
Horus	Horus	NPMSSP0
Hummel	Hummel	NPCNSP0
I	I	AO0CN0
II	II	AO0CN0
III	III	AO0CN0
IPSI	IPSI	NPCNSP0
IV	IV	AO0CN0
IX	IX	AO0CN0
Ishango	Ishango	NPCSG00
Josquin	Josquin	NPMSSP0
Jové	Jové	NPCNSP0
Kabalevski	Kabalevski	NPCNSP0
Kadírov	Kadírov	NPCNSP0
Korngold	Korngold	NPCNSP0
Kussevitski	Kussevitski	NPCNSP0
Kórsakov	Kórsakov	NPCNSP0
L	L	AO0CN0
LI	LI	AO0CN0
LII	LII	AO0CN0
LIII	LIII	AO0CN0
LIV	LIV	AO0CN0
LIX	LIX	AO0CN0
LV	LV	AO0CN0
LVI	LVI	AO0CN0
LVII	LVII	AO0CN0
LVIII	LVIII	AO0CN0
LX	LX	AO0CN0
LXI	LXI	AO0CN0
LXII	LXII	AO0CN0
LXIII	LXIII	AO0CN0
LXIV	LXIV	AO0CN0
LXIX	LXIX	AO0CN0
LXV	LXV	AO0CN0
LXVI	LXVI	AO0CN0
LXVII	LXVII	AO0CN0
LXVIII	LXVIII	AO0CN0
LXX	LXX	AO0CN0
LXXI	LXXI	AO0CN0
LXXII	LXXII	AO0CN0
LXXIII	LXXIII	AO0CN0
LXXIV	LXXIV	AO0CN0
LXXIX	LXXIX	AO0CN0
LXXV	LXXV	AO0CN0
LXXVI	LXXVI	AO0CN0
LXXVII	LXXVII	AO0CN0
LXXVIII	LXXVIII	AO0CN0
LXXX	LXXX	AO0CN0
LXXXI	LXXXI	AO0CN0
LXXXII	LXXXII	AO0CN0
LXXXIII	LXXXIII	AO0CN0
LXXXIV	LXXXIV	AO0CN0
LXXXIX	LXXXIX	AO0CN0
LXXXV	LXXXV	AO0CN0
LXXXVI	LXXXVI	AO0CN0
LXXXVII	LXXXVII	AO0CN0
LXXXVIII	LXXXVIII	AO0CN0
Lestonnac	Lestonnac	NPMSO00
Lladonosa	Lladonosa	NPCNSP0
Loewe	Loewe	NPCNSP0
Losantos	Losantos	NPCNSP0
Luján	Luján	NPCNSP0
Lutosławski	Lutosławski	NPCNSP0
MacGuffin	MacGuffin	NCMS000
MacGuffins	MacGuffin	NCMP000
MacLeod	MacLeod	NPCNSP0
Maclaurin	Maclaurin	NPCNSP0
Maiakovski	Maiakovski	NPCNSP0
Manolo	Manolo	NPMSSP0
Milei	Milei	NPCNSP0
Moncton	Moncton	NPCSG00
Montero	Montero	NPCNSP0
Moog	Moog	NPMSO00
Morgan	Morgan	NPCNSP0
Moscheles	Moscheles	NPCNSP0
Muhàmmad	Muhàmmad	NPMSSP0
Mälzel	Mälzel	NPCNSP0
Nabokov	Nabokov	NPCNSP0
Nakba	Nakba	NPFSO00
Nick	Nick	NPMSSP0
Ockeghem	Ockeghem	NPCNSP0
Offenbach	Offenbach	NPCNSP0
Pac-Man	Pac-Man	NPCNSP0
Pasternak	Pasternak	NPCNSP0
Pavarotti	Pavarotti	NPCNSP0
Perea	Perea	NPCNSP0
Pestalozzi	Pestalozzi	NPCNSP0
Peutz-Jeghers	Peutz-Jeghers	NPCNSP0
Prozac	Prozac	NPMSO00
Purcell	Purcell	NPCNSP0
Pétain	Pétain	NPCNSP0
Queen	Quenn	NPCNO00
Radamant	Radamant	NPMSSP0
Radamantis	Radamantis	NPMSSP0
Risorgimento	Risorgimento	NPMSO00
Roldós	Roldós	NPCNSP0
Rostropóvitx	Rostropóvitx	NPCNSP0
SSD	SSD	AQ0CN0
Saariaho	Saariaho	NPCNSP0
Saint-Didier	Saint-Didier	NPMSG00
Saint-Jean	Saint-Jean	NPMSSP0
Saint-Maur	Saint-Maur	NPCSG00
Saint-Maurice	Saint-Maurice	NPMSG00
Sainte-Croix	Sainte-Croix	NPFSG00
Sala-Sanahuja	Sala-Sanahuja	NPCNSP0
Salazar	Salazar	NPCNSP0
Sanahuja	Sanahuja	NPCNSP0
Sanjosex	Sanjosex	NPMSSP0
Scriabin	Scriabin	NPCNSP0
Seprona	Seprona	NPMSO00
Servicaixa	Servicaixa	NPMNO00
Shaw	Shaw	NPCNSP0
Spontini	Spontini	NPCNSP0
Staatsoper	Staatsoper	NPFSO00
Studebaker	Studebaker	NPCNSP0
Svetlana	Svetlana	NPFSSP0
Sweelinck	Sweelinck	NPCNSP0
Súnion	Súnion	NPCNSP0
Teams	Teams	NPCNO00
Tian	Tian	NPMSSP0
Tombuctú	Tombuctú	NPCSG00
Toscanini	Toscanini	NPCNSP0
Udina	Udina	NPCNSP0
Ulloa	Ulloa	NPCNSP0
V	V	AO0CN0
VI	VI	AO0CN0
VII	VII	AO0CN0
VIII	VIII	AO0CN0
Vaticà	Vaticà	NPMSG00
Ventadorn	Ventadorn	NPCNSP0
Veritas	Veritas	NPCNO00
Veritas	Veritas	NPFSSP0
Villa-Lobos	Villa-Lobos	NPCNSP0
Villas-Boas	Villas-Boas	NPCNSP0
Volksoper	Volksoper	NPFSO00
Vorónej	Vorónej	NPCSG00
Wernicke-Kórsakov	Wernicke-Kórsakov	NPCNSP0
Wii	Wii	NPFNO00
Windisch-Grätz	Windisch-Grätz	NPCNSP0
Wonderland	Wonderland	NPCSG00
X	X	AO0CN0
XC	XC	AO0CN0
XCI	XCI	AO0CN0
XCII	XCII	AO0CN0
XCIII	XCIII	AO0CN0
XCIV	XCIV	AO0CN0
XCIX	XCIX	AO0CN0
XCV	XCV	AO0CN0
XCVI	XCVI	AO0CN0
XCVII	XCVII	AO0CN0
XCVIII	XCVIII	AO0CN0
XI	XI	AO0CN0
XII	XII	AO0CN0
XIII	XIII	AO0CN0
XIV	XIV	AO0CN0
XIX	XIX	AO0CN0
XL	XL	AO0CN0
XLI	XLI	AO0CN0
XLII	XLII	AO0CN0
XLIII	XLIII	AO0CN0
XLIV	XLIV	AO0CN0
XLIX	XLIX	AO0CN0
XLV	XLV	AO0CN0
XLVI	XLVI	AO0CN0
XLVII	XLVII	AO0CN0
XLVIII	XLVIII	AO0CN0
XV	XV	AO0CN0
XVI	XVI	AO0CN0
XVII	XVII	AO0CN0
XVIII	XVIII	AO0CN0
XX	XX	AO0CN0
XXI	XXI	AO0CN0
XXII	XXII	AO0CN0
XXIII	XXIII	AO0CN0
XXIV	XXIV	AO0CN0
XXIX	XXIX	AO0CN0
XXV	XXV	AO0CN0
XXVI	XXVI	AO0CN0
XXVII	XXVII	AO0CN0
XXVIII	XXVIII	AO0CN0
XXX	XXX	AO0CN0
XXXI	XXXI	AO0CN0
XXXII	XXXII	AO0CN0
XXXIII	XXXIII	AO0CN0
XXXIV	XXXIV	AO0CN0
XXXIX	XXXIX	AO0CN0
XXXV	XXXV	AO0CN0
XXXVI	XXXVI	AO0CN0
XXXVII	XXXVII	AO0CN0
XXXVIII	XXXVIII	AO0CN0
Xakhtar	Xakhtar	NPMSO00
Xenakis	Xenakis	NPCNSP0
Yourcenar	Yourcenar	NPCNSP0
ZER	ZER	NCFP000
ZER	ZER	NCFS000
al-Mansur	al-Mansur	NPCNSP0
art-déco	art-déco	NCMS000
ayahuasca	ayahuasca	NCFS000
beatmaker	beatmaker	NCCS000
beatmakers	beatmaker	NCCP000
biorobòtica	biorobòtica	NCFS000
biorobòtiques	biorobòtica	NCFP000
business	business	AQ0CN0
capacitista	capacitista	AQ0CS0
capacitistes	capacitista	AQ0CP0
cisjordana	cisjordà	AQ0FS0
cisjordanes	cisjordà	AQ0FP0
cisjordans	cisjordà	AQ0MP0
cisjordà	cisjordà	AQ0MS0
cripto	cripto	NCFS000
criptos	cripto	NCFP000
diferenciabilitat	diferenciabilitat	NCFS000
diferenciabilitats	diferenciabilitat	NCFP000
esquirolet	esquirolet	NCMS000
esquirolets	esquirolet	NCMP000
estilosa	estilós	AQ0FS0
estiloses	estilós	AQ0FP0
estilosos	estilós	AQ0MP0
estilós	estilós	AQ0MS0
freatomagmàtic	freatomagmàtic	AQ0MS0
freatomagmàtica	freatomagmàtic	AQ0FS0
freatomagmàtics	freatomagmàtic	AQ0MP0
freatomagmàtiques	freatomagmàtic	AQ0FP0
friquisme	friquisme	NCMS000
friquismes	friquisme	NCMP000
gaziana	gazià	AQ0FS0
gazianes	gazià	AQ0FP0
gazians	gazià	AQ0MP0
gazià	gazià	AQ0MS0
hardcore	hardcore	AQ0CN0
iCat	iCat	NPCNO00
idCAT	idCAT	NPCNO00
israelianoamericana	israelianoamericà	AQ0FS0
israelianoamericanes	israelianoamericà	AQ0FP0
israelianoamericans	israelianoamericà	AQ0MP0
israelianoamericà	israelianoamericà	AQ0MS0
kennediana	kennedià	AQ0FS0
kennedianes	kennedià	AQ0FP0
kennedians	kennedià	AQ0MP0
kennedià	kennedià	AQ0MS0
macromètric	macromètric	AQ0MS0
macromètrica	macromètric	AQ0FS0
macromètrics	macromètric	AQ0MP0
macromètriques	macromètric	AQ0FP0
mezzo	mezzo	NCFS000
mezzos	mezzo	NCFP000
omega-3	omega-3	AQ0CN0
post-hardcore	post-hardcore	AQ0CN0
quasiexperimental	quasiexperimental	AQ0CS0
quasiexperimentals	quasiexperimental	AQ0CP0
semaglutida	semaglutida	NCFS000
semaglutides	semaglutida	NCFP000
subrectangle	subrectangle	NCMS000
subrectangles	subrectangle	NCMP000
superbonic	superbonic	AQ0MS0
superbonica	superbonic	AQ0FS0
superbonics	superbonic	AQ0MP0
superboniques	superbonic	AQ0FP0
supernet	supernet	AQ0MS0
superneta	supernet	AQ0FS0
supernetes	supernet	AQ0FP0
supernets	supernet	AQ0MP0
teletransport	teletransportar	VMIP1S0B
teletransporta	teletransportar	VMIP3S00
teletransporta	teletransportar	VMM02S00
teletransportada	teletransportar	VMP00SF0
teletransportades	teletransportar	VMP00PF0
teletransportam	teletransportar	VMIP1P0B
teletransportant	teletransportar	VMG00000
teletransportar	teletransportar	VMN00000
teletransportara	teletransportar	VMSI1S03
teletransportara	teletransportar	VMSI3S03
teletransportaran	teletransportar	VMIF3P00
teletransportarem	teletransportar	VMIF1P00
teletransportaren	teletransportar	VMIS3P00
teletransportaren	teletransportar	VMSI3P03
teletransportares	teletransportar	VMIS2S00
teletransportares	teletransportar	VMSI2S03
teletransportareu	teletransportar	VMIF2P00
teletransportaria	teletransportar	VMIC1S00
teletransportaria	teletransportar	VMIC3S00
teletransportarien	teletransportar	VMIC3P00
teletransportaries	teletransportar	VMIC2S00
teletransportarà	teletransportar	VMIF3S00
teletransportaràs	teletransportar	VMIF2S00
teletransportaré	teletransportar	VMIF1S00
teletransportaríem	teletransportar	VMIC1P00
teletransportaríeu	teletransportar	VMIC2P00
teletransportassen	teletransportar	VMSI3P06
teletransportasses	teletransportar	VMSI2S06
teletransportassin	teletransportar	VMSI3P04
teletransportassis	teletransportar	VMSI2S04
teletransportat	teletransportar	VMP00SM0
teletransportats	teletransportar	VMP00PM0
teletransportau	teletransportar	VMIP2P0B
teletransportau	teletransportar	VMM02P0B
teletransportava	teletransportar	VMII1S00
teletransportava	teletransportar	VMII3S00
teletransportaven	teletransportar	VMII3P00
teletransportaves	teletransportar	VMII2S00
teletransporte	teletransportar	VMIP1S0V
teletransporte	teletransportar	VMM03S0V
teletransporte	teletransportar	VMSP1S0V
teletransporte	teletransportar	VMSP3S0V
teletransportem	teletransportar	VMIP1P00
teletransportem	teletransportar	VMM01P00
teletransportem	teletransportar	VMSP1P00
teletransporten	teletransportar	VMIP3P00
teletransporten	teletransportar	VMM03P0V
teletransporten	teletransportar	VMSP3P0V
teletransportes	teletransportar	VMIP2S00
teletransportes	teletransportar	VMSP2S0V
teletransportessen	teletransportar	VMSI3P05
teletransportesses	teletransportar	VMSI2S05
teletransportessin	teletransportar	VMSI3P02
teletransportessis	teletransportar	VMSI2S02
teletransporteu	teletransportar	VMIP2P00
teletransporteu	teletransportar	VMM02P0X
teletransporteu	teletransportar	VMSP2P00
teletransporti	teletransportar	VMM03S0Y
teletransporti	teletransportar	VMSP1S0Y
teletransporti	teletransportar	VMSP3S0Y
teletransportin	teletransportar	VMM03P0Y
teletransportin	teletransportar	VMSP3P0Y
teletransportis	teletransportar	VMSP2S0Y
teletransporto	teletransportar	VMIP1S0C
teletransportà	teletransportar	VMIS3S00
teletransportàrem	teletransportar	VMIS1P00
teletransportàrem	teletransportar	VMSI1P03
teletransportàreu	teletransportar	VMIS2P00
teletransportàreu	teletransportar	VMSI2P03
teletransportàs	teletransportar	VMSI1S07
teletransportàs	teletransportar	VMSI3S07
teletransportàssem	teletransportar	VMSI1P06
teletransportàsseu	teletransportar	VMSI2P06
teletransportàssim	teletransportar	VMSI1P04
teletransportàssiu	teletransportar	VMSI2P04
teletransportàvem	teletransportar	VMII1P00
teletransportàveu	teletransportar	VMII2P00
teletransportés	teletransportar	VMSI1S01
teletransportés	teletransportar	VMSI3S01
teletransportéssem	teletransportar	VMSI1P05
teletransportésseu	teletransportar	VMSI2P05
teletransportéssim	teletransportar	VMSI1P02
teletransportéssiu	teletransportar	VMSI2P02
teletransportí	teletransportar	VMIS1S00
vomitera	vomitera	NCFS000
vomiteres	vomitera	NCFP000
