# Spanish compound words that are usually not written as separate words.
# Encoding: UTF-8
# All words must contain at least one hyphen, even if the
# word is usually not spelled with a hyphen
# "+" at the end of the line will turn off the suggestion that uses a hyphen
# "*" at the end of the line will only suggest hyphenated words.
# "?" at the end of the line will turn off the suggestion that 
# uses a hyphen and offers lower-cased joined suggestions.
# "$" at the end of the line will allow the hyphenated and non-
# hyphenated variants, but will suggest a lower-cased non-hyphenated
# variant
# \d+ will be expanded to any sequence of digits (e.g., 1, 234, 4543)
#     in lines ending on *

# All correct words should be properly tagged in the tagger dictionary or in added.txt 

xat-bot+
xat-bots+
blau-grana+
blau-granes+
auto-tune+
auto-tunes+
mezzo-soprano+
mezzo-sopranos+
non-stop*
afro-americà+
afro-americans+
afro-americana+
afro-americanes+
be-bop+
centre-europeu+
centre-europeus+
centre-europea+
centre-europees+
torca-boques+
porta-tovallons+
pro-rús+
pro-russa+
pro-russos+
pro-russes+
curt-terminisme+
curt-terminista+
curt-terministes+
tot-hom+
cis-gènere+
cis-sexual+
marra-meu+
marra-meus+
yin-yang*
talla-gespa+
talla-gespes+
semi-transparent+
semi-transparents+
salta-taulells+
passivo-agressiu+
passivo-agressius+
passivo-agressiva+
passivo-agressives+
contra-atac+
contra-atacs+
meta-anàlisi+
meta-anàlisis+
aparca-cotxes+
giga-factoria+
giga-factories+
curt-terminista+
curt-terministes+
Millán-Astray*
Epstein-Barr*
ecce-homo+
sub-total+
sub-totals+
afectivo-emocional+
afectivo-emocionals+
afectivo-sexual+
afectivo-sexuals+
infanto-juvenil+
infanto-juvenils+
Ryan-Air?
feed-back+
's-Hertogenbosch*
7-Zip*
abans-d'ahir*
absorbidor-reflector*
absorbidor-reflectora*
absorbidor-reflectores*
absorbidor-reflectors*
Abstraction-Création*
Acarigua-Araure*
adenilat-ciclasa*
adenilat-ciclases*
adenosina-desaminasa*
adenosina-desaminases*
adeu-siau*
Ado-Ekiti*
adéu-siau*
aferra-roques*
agafa-sants*
agafa-sopes*
Agano-gawa*
agar-agar*
agar-agars*
#ai-ai*
#ai-ais*
aigua-ros*
aigua-rosos*
aigua-sal*
aigua-sals*
Aigua-xellida*
Aix-les-Bains*
aixafa-roques*
Al-Aaiun*
Al-Arid*
Al-Azhar*
Al-Bayda*
Al-Buraymī*
Al-Dawḥa*
Al-Dāḫila*
Al-Fujayrah*
Al-Hilla*
Al-Hindīya*
Al-Hoceima*
Al-Kufra*
Al-Kūfa*
Al-Manzila*
Al-Manṣūra*
Al-Maḥwīt*
Al-Minyā*
Al-Nafūd*
Al-Naǧaf*
Al-Qaeda*
Al-Qaida*
Al-Raqqa*
Al-Riyād*
Al-Ruṣāfa*
Al-Tā'if*
Al-Zaqāziq*
al-Àndalus*
Al-Àqaba*
Al-Ǧifāra*
Al-Ḥasā*
Al-Ḥiǧāz*
Al-Ḥudayda*
ala-roges*
ala-roig*
ala-roigs*
ala-roja*
ala-rojos*
Alba-rosa*
Aleksàndrovsk-Sakhalinski*
aleteig-fibril·lacions*
aleteig-fibril·lació*
#All-Star*
#all-star*
#all-stars*
Alsàcia-Lorena*
#alt-alemany*
alt-alemanya*
alt-alemanyes*
alt-alemanys*
alt-empordanesa*
alt-empordaneses*
alt-empordanesos*
alt-empordanès*
alt-empordanés*
Alta-riba*
Am-Timan*
Amorebieta-Etxano*
An-Gaillimh*
An-Iarmhí*
An-Longfort*
An-Mhí*
anca-rossegant*
anca-rossegants*
anglo-nord-americana*
anglo-nord-americanes*
anglo-nord-americans*
anglo-nord-americà*
anti-COVID*
anti-COVID-19*
anti-encefalitis*
anti-g*
anti-hepatitis*
anti-nord-americana*
anti-nord-americanes*
anti-nord-americans*
anti-nord-americà*
api-rave*
api-raves*
api-ràvens*
Arc-et-Senans*
aresta-connectivitat*
aresta-connectivitats*
arin-arin*
arin-àrins*
arrenca-sondes*
Artís-Gener*
As-Sariqah*
Asahi-dake*
Asnières-sur-Seine*
astàsia-abàsia*
astàsia-abàsies*
au-pair*
au-pairs*
Az-Zawiyah*
b-nicotirina*
b-nicotirines*
Baden-Baden*
Baden-Württemberg*
Bagnères-de-Bigorre*
Bagnères-de-Luchon*
#baix-alemany*
baix-alemanya*
baix-alemanyes*
baix-alemanys*
baix-empordanesa*
baix-empordaneses*
baix-empordanesos*
baix-empordanès*
baix-empordanés*
balandrim-balandram*
baliga-balaga*
baliga-balagues*
Balutxistan-Sistan*
banzim-banzam*
Bar-le-Duc*
barba-reveixina*
barba-reveixines*
barba-reveixins*
barba-reveixí*
barba-roges*
barba-roig*
barba-roigs*
Barba-roja*
barba-roja*
barba-rojos*
barba-ros*
Barba-rossa*
barba-rossa*
barba-rosses*
barba-rossos*
barba-serrada*
barba-serrades*
barba-serrat*
barba-serrats*
barliqui-barloqui*
barliqui-barloquis*
barra-sec*
barra-seca*
barra-secs*
barra-seques*
Barre-de-Monts*
barrija-barreges*
barrija-barreja*
barrim-barram*
barrim-barrams*
barrip-barrap*
barrip-barraps*
Basilea-Camp*
Basilea-Ciutat*
Basse-Terre*
Beaulieu-lès-Loches*
bec-roges*
bec-roig*
bec-roigs*
bec-roja*
bec-rojos*
Bell-lloc*
Bellegarde-sur-Valserine*
Ben-Gurion*
Ben-Sliman*
Beni-Mellal*
beri-beri*
beri-beris*
Berzé-la-Ville*
best-seller*
best-sellers*
Betpak-Dala*
Bien-Hoa*
bit-distorsions*
bit-distorsió*
bitllo-bitllo*
bitlo-bitlo*
Biwa-ko*
blanc-i-blau*
blanc-i-blaus*
blanc-i-blava*
blanc-i-blaves*
blanc-i-negra*
#blanc-i-negre*
blanc-i-negres*
blanc-i-vermell*
blanc-i-vermella*
blanc-i-vermelles*
blanc-i-vermells*
Blaye-les-Mines*
bleda-rave*
bleda-raves*
bleda-ràvens*
Bobo-Dioulasso*
boca-orella*
boca-rugada*
boca-rugades*
boca-rugat*
boca-rugats*
boca-sec*
boca-seca*
boca-secs*
boca-seques*
boga-ravell*
boga-ravells*
Bois-Colombes*
Bolama-Bijagós*
Bonette-Restefond*
bong-bong*
bong-bongs*
boogie-woogie*
boogie-woogies*
Borbó-Condé*
borruix-borruix*
bou-salvat*
Boulogne-Billancourt*
Boulogne-sur-Mer*
Bourg-de-Péage*
Bourg-en-Bresse*
Bourg-lès-Valence*
Bourg-Saint-Maurice*
Bourgoin-Jallieu*
Brive-la-Gaillarde*
Bruay-la-Buissière*
Brunei-Muara*
bub-bub*
bub-bubs*
bugui-bugui*
bugui-buguis*
bum-bum*
bum-bums*
busca-raons*
but-but*
but-buts*
cala-xarxes*
cala-xàrcies*
Caluire-et-Cuire*
cama-roges*
cama-roig*
cama-roigs*
cama-roja*
cama-rojos*
cama-sec*
cama-seca*
cama-secs*
cama-segada*
cama-segades*
cama-segat*
cama-segats*
cama-seques*
Cambo-les-Bains*
Camp-redó*
camí-raler*
camí-ralers*
Canta-rana*
canya-siula*
canya-siules*
canya-xiula*
canya-xiules*
Cap-Haïtien*
Cap-Matifou*
cap-rodo*
cap-rodos*
cap-roges*
Cap-roig*
cap-roig*
cap-roigs*
cap-roja*
cap-rojos*
cap-rossenc*
cap-rossenca*
cap-rossencs*
cap-rossenques*
caps-i-puntes*
caquèxia-anorèxia*
caquèxia-anorèxies*
#cara-redona*
cara-redones*
cara-redons*
cara-redó*
#cara-rodona*
cara-rodones*
cara-rodons*
cara-rodó*
cara-roges*
cara-roig*
cara-roigs*
#cara-roja*
cara-rojos*
cara-rugada*
cara-rugades*
cara-rugat*
cara-rugats*
cara-sol*
cara-sols*
#cara-xuclada*
cara-xuclades*
cara-xuclat*
cara-xuclats*
carbol-fucsina*
carbol-fucsines*
carbol-tionina*
carbol-tionines*
carbol-violeta*
carbol-violetes*
Carod-Rovira*
Castell-llebre*
Castell-Platja*
Castrop-Rauxel*
catalano-valenciano-balear*
catalano-valenciano-balears*
catric-catrac*
catric-catracs*
Cava-roques*
caça-recompenses*
CD-ROM*
Ceba-roja*
cella-roges*
cella-roig*
cella-roigs*
#cella-roja*
cella-rojos*
cella-ros*
#cella-rossa*
cella-rosses*
cella-rossos*
Celle-Saint-Cloud*
Centre-sud*
cerca-raons*
cerca-renous*
cerca-renyines*
cerca-revolts*
chaise-longe*
chaise-longes*
Chalon-sur-Saône*
Chamonix-Mont-Blanc*
Champigny-sur-Marne*
Charenton-le-Pont*
Charleville-Mézières*
Chaumont-sur-Loire*
chill-out*
chill-outs*
Choisy-le-Roi*
Chupa-Chups*
Châlons-en-Champagne*
Châtenay-Malabry*
cinc-centena*
cinc-centenes*
cinc-centens*
cinc-centes*
cinc-cents*
cinc-centè*
cinc-centé*
cinc-en-rama*
cinc-en-rames*
ciència-ficció*
Clermont-Ferrand*
Clermont-Tonnerre*
Clichy-sous-Bois*
cloc-cloc*
cloc-clocs*
cloc-i-piu*
Cluj-Napoca*
co-rector*
co-rectora*
co-rectores*
co-rectors*
Coa-rasa*
Coca-Cola*
coca-cola*
coca-coles*
coixim-coixam*
Coma-ruga*
compta-revolucions*
Conflans-Sainte-Honorine*
Cor-de-roure*
cor-robada*
cor-robades*
cor-robat*
cor-robats*
cor-rodat*
cor-rodats*
Corbeil-Essonnes*
corre-corre*
corre-corres*
costa-riqueny*
costa-riquenya*
costa-riquenyes*
costa-riquenys*
cotet-cotet*
cotó-en-pèl*
cotó-en-pèls*
Coudekerque-Branche*
Cova-santa*
COVID-19*
Covid-19*
covid-19*
cric-crac*
cric-cracs*
Croix-de-Fer*
Croix-Morand*
cua-rogenc*
#cua-rogenca*
cua-rogencs*
cua-rogenques*
cua-roges*
cua-roig*
cua-roigs*
#cua-roja*
cua-rojos*
cua-rutllada*
cua-rutllades*
cua-rutllat*
cua-rutllats*
cul-de-sac*
cul-de-sacs*
daixo-daixo*
dalai-lama*
dalai-lames*
Dalap-Uliga-Darrit*
Dammarie-les-Lys*
dellà-ahir*
despús-ahir*
despús-anit*
despús-demà*
Deux-Sèvres*
dic-dic*
dic-dics*
dietilsulfona-dietilmetà*
digital-analògic*
digital-analògica*
digital-analògics*
digital-analògiques*
Digne-les-Bains*
ding-dang*
ding-ding*
ding-dong*
dos-centena*
dos-centenes*
dos-centens*
dos-centes*
dos-cents*
dos-centè*
dos-centé*
dues-centes*
Décines-Charpieu*
déjà-vu*
déjà-vus*
#déu-n'hi-do*
#déu-n'hi-doret*
e-book*
e-books*
e-mail
e-mails
Eberswalde-Finow*
eixorba-rates*
El-'Alamein*
El-Jadida*
El-Khémisset*
electró-volt*
electró-volts*
eli-eli*
Emília-Romanya*
En-Gaddí*
endari-endari*
endari-endaris*
enganxa-roques*
Enghien-les-Bains*
enllà-ahir*
entra-i-surt*
entra-i-surts*
Er-Rachidia*
es-Satty*
escanya-rals*
Esch-sur-Alzette*
esclata-sabates*
esclata-sang*
esclata-sangs*
escorxa-rossins*
escorxa-ròsses*
escura-séquies*
escura-xemeneies*
esmorzar-dinar*
esmorzar-dinars*
espanta-sogres*
espina-xoca*
espina-xoques*
#esquena-rompuda*
esquena-rompudes*
esquena-romput*
esquena-romputs*
esquí-arc*
esquí-arcs*
esquí-bob*
esquí-bobs*
esquí-pneumàtic*
esquí-pneumàtics*
esquí-surf*
esquí-surfista*
esquí-surfistes*
esquí-surfs*
est-europea*
est-europees*
est-europeu*
est-europeus*
estaca-rossins*
estaca-rossí*
Estella-Lizarra*
estira-i-amolla*
estira-i-amolles*
estira-i-arronsa*
estira-i-arronses*
estira-i-empeny*
estira-i-empenys*
estreptocinasa-estreptodornasa*
estreptocinasa-estreptodornases*
estripa-sacs*
estronca-sang*
estronca-sangs*
ex-exiliada*
ex-exiliades*
ex-exiliat*
ex-exiliats*
ex-Iugoslàvia*
ex-portador*
ex-portadora*
ex-portadores*
ex-portadors*
ex-pres*
ex-presa*
ex-preses*
ex-presos*
ex-URSS*
ex-xa*
ex-xas*
ex-xicot*
ex-xicota*
ex-xicotes*
ex-xicots*
Faches-Thumesnil*
#fair-play*
farrigo-farrago*
farrigo-farragos*
#fet-fet*
fet-fets*
fifty-fifty*
Figaró-Montmany*
Fleury-les-Aubrais*
flint-glass*
flip-flop*
flip-flops*
flist-flast*
#foie-gras*
Font-i-roig*
Font-Rabiosa*
Font-rabiosa*
font-rabiosada*
font-rabiosades*
font-rabiosat*
font-rabiosats*
#Font-roja*
Font-romeu*
font-rubinenc*
font-rubinenca*
font-rubinencs*
font-rubinenques*
Font-Rubí*
Font-rubí*
Fontenay-aux-Roses*
Fontenay-le-Comte*
fora-d'hores*
Forlì-Cesena*
Fort-de-France*
Fort-de-l'Eau*
Força-ral*
fox-terrier*
fox-terriers*
fru-fru*
fru-frus*
full-contact*
galta-roig*
galta-roigs*
galta-rojos*
gamma-globulina*
gamma-globulines*
gara-gara*
Garenne-Colombes*
Garges-lès-Gonesse*
gay-friendly*
Gernika-Lumo*
gira-sol*
gira-sols*
gloc-gloc*
gloc-glocs*
gola-roges*
gola-roig*
gola-roigs*
gola-roja*
gola-rojos*
goma-2*
gonçalo-alves*
Gore-Tex*
gori-gori*
gori-goris*
Gorno-Altai*
Gorzów-Wielkopolski*
Grand-Port*
Grande-Marlaska*
Grande-Terre*
grata-sòl*
grata-sòls*
greco-turc*
greco-turca*
greco-turcs*
greco-turques*
guarda-raïl*
guarda-raïls*
guarda-roba*
guarda-robes*
guarda-rodes*
guarda-segells*
Guarda-si-venes*
hat-trick*
hat-tricks*
Haut-Folin*
hematoxilina-eosina*
hematoxilina-eosines*
herba-sana*
herba-sanes*
Herba-savina*
Hewlett-Packard*
hi-fi*
hi-fis*
hip-hop*
hip-hops*
hiperleucina-isoleucinèmia*
hiperleucina-isoleucinèmies*
histerosalpingo-ooforectomia*
histerosalpingo-ooforectomies*
Hohenstein-Ernstthal*
#Hong-Kong*
huit-centena*
huit-centenes*
huit-centens*
huit-centes*
huit-cents*
huit-centè*
huit-centé*
Huércal-Overa*
hèlix-gir-hèlix*
hèlix-gir-hèlixs*
hèlix-llaç-hèlix*
hèlix-llaç-hèlixs*
Hénin-Beaumont*
hístero-ooforectomia*
hístero-ooforectomies*
Iang-Tsé*
Ibex-35*
il-khan*
il-khans*
ilang-ilang*
ilang-ilangs*
Ilawe-Ekiti*
ilek-khan*
ilek-khans*
imipenem-cilastatina*
imipenem-cilastatines*
io-io*
io-ios*
Isla-Cristina*
Issy-les-Moulineaux*
Ivano-Frankivs'k*
Ivano-Frankivsk*
Ivry-sur-Seine*
Iō-jima*
Jean-Baptiste*
Jean-Paul*
jet-lag*
jet-set*
Joux-Plane*
Joué-les-Tours*
Joškar-Ola*
Jumbo-Visma*
Južno-Sakhalinsk*
k-arc-connex*
k-arc-connexa*
k-arc-connexes*
k-arc-connexos*
k-connex*
k-connexa*
k-connexes*
k-connexos*
k-forma*
k-formes*
kala-azar*
kala-azars*
Kamensk-Šakhtinskij*
Kohtla-Järve*
Komsomol's-na-Amur*
Konk-Kerme*
Kzyl-Orda*
l-anarcotina*
l-anarcotines*
Lagny-sur-Marne*
laparohisterosalpingo-ooforectomia*
laparohisterosalpingo-ooforectomies*
laparohístero-ooforectomia*
laparohístero-ooforectomies*
Leninsk-Kuzneckij*
leri-leri*
Levallois-Perret*
Levante-EMV*
LGBT-fòbia*
LGBT-fòbic*
LGBT-fòbica*
LGBT-fòbics*
LGBT-fòbiques*
LGBTI-fòbia*
LGBTI-fòbic*
LGBTI-fòbica*
LGBTI-fòbics*
LGBTI-fòbiques*
LGBTQ-fòbia*
LGBTQ-fòbic*
LGBTQ-fòbica*
LGBTQ-fòbics*
LGBTQ-fòbiques*
LGTB-fòbia*
LGTB-fòbic*
LGTB-fòbica*
LGTB-fòbics*
LGTB-fòbiques*
liti-polímer*
liti-polímers*
Livry-Gargan*
Llenguadoc-Rosselló*
llorer-cirer*
llorer-cirers*
lo-lo*
lo-los*
Loi-kaw*
Lons-le-Saunier*
Lucq-de-Béarn*
Lévi-Strauss*
#Machu-Picchu*
Magny-Cours*
Maisons-Alfort*
mal-llevat*
mal-llevats*
Malo-les-Bains*
Malva-rosa*
malva-rosa*
malva-roses*
Mana-sang*
Mantes-la-Jolie*
Mantes-la-Ville*
manxú-tungús*
Marcq-en-Baroeul*
mare-selva*
mare-selves*
Marie-Blanque*
Marie-Galante*
Marly-le-Roi*
marron-glacé*
Massa-Carrara*
mata-racons*
mata-rates*
Mata-redona*
Mata-rodona*
mata-segells*
mata-sogres*
Mata-solana*
mata-soldats*
Mbuji-Mayi*
McGraw-Hill*
Mecklenburg-Pomerània*
megaelectró-volt*
megaelectró-volts*
MERS-CoV*
mestra-sala*
mestra-sales*
mestre-sala*
mestre-sales*
metall-aïllant-semiconductor*
metall-aïllant-semiconductors*
metall-semiconductor*
metall-semiconductors*
metall-òxid-semiconductor*
metall-òxid-semiconductors*
Metro-Goldwyn-Mayer*
Migdia-Pirineus*
Mira-rosa*
Mira-sol*
mira-sol*
mira-sols*
Mitry-Mory*
Mons-en-Baroeul*
Mont-de-Marsan*
Mont-ral*
Mont-ras*
Mont-real*
Mont-rebei*
Mont-rodon*
mont-rogenc*
mont-rogenca*
mont-rogencs*
mont-rogenques*
Mont-roig*
Mont-ros*
Mont-roset*
Mont-ròs*
Mont-Saint-Aignan*
Montceau-les-Mines*
Montereau-Fault-Yonne*
Montereau-faut-Yonne*
Monti-Sion*
Montigny-lès-Metz*
Morsang-sur-Orge*
Moyeuvre-Grande*
mull-mull*
mull-mulls*
muramil-dipèptid*
muramil-dipèptids*
#music-hall*
#music-halls*
mà-llarg*
#mà-llarga*
mà-llargs*
mà-llargues*
#més-dient*
més-dients*
#més-enllà*
Mûr-de-Bretagne*
n-tupla*
n-tuples*
Naktong-gang*
Nam-Mun*
Naqsh-i-Rustam*
Nariva-Mayaro*
Nashville-Davidson*
Neuilly-sur-Marne*
Neuilly-sur-Seine*
ning-nang*
ning-nangs*
ning-ning*
ning-nings*
Nkhota-Kota*
no-agressió*
no-alineada*
no-alineades*
no-alineament*
no-alineaments*
no-alineat*
no-alineats*
no-bel·ligerant*
no-bel·ligerants*
no-bel·ligerància*
no-bel·ligeràncies*
no-electròlit*
no-electròlits*
no-euclidiana*
no-euclidianes*
no-euclidians*
no-euclidià*
no-excloïbilitat*
no-excloïbilitats*
no-ficció*
no-ingerència*
no-ingerències*
no-intervencions*
no-intervenció*
#no-jo*
no-jos*
no-linealitat*
no-linealitats*
no-metall*
no-metalls*
no-metàl·lic*
no-metàl·lica*
no-metàl·lics*
no-metàl·liques*
#no-presentacions*
#no-presentació*
#no-proliferacions*
#no-proliferació*
#no-repudi*
#no-repudis*
#no-res*
#no-rivalitat*
#no-rivalitats*
#no-sé-què*
no-violència*
no-violències*
Nogent-sur-Marne*
Noisy-le-Grand*
Noisy-le-Sec*
non-non*
non-nons*
nord-africana*
nord-africanes*
nord-africans*
nord-africà*
nord-americana*
nord-americanes*
nord-americans*
nord-americà*
Nord-amèrica*
nord-atlàntid*
nord-atlàntida*
nord-atlàntides*
nord-atlàntids*
nord-catalana*
nord-catalanes*
nord-catalans*
nord-català*
nord-coreana*
nord-coreanes*
nord-coreans*
nord-coreà*
Nord-est*
nord-est*
nord-europea*
nord-europees*
nord-europeu*
nord-europeus*
nord-irlandesa*
nord-irlandeses*
nord-irlandesos*
nord-irlandès*
nord-irlandés*
nord-mongòlic*
nord-mongòlica*
nord-mongòlics*
nord-mongòliques*
nord-occidental*
nord-occidentals*
Nord-oest*
nord-oest*
nord-oriental*
nord-orientals*
nord-pacífid*
nord-pacífida*
nord-pacífides*
nord-pacífids*
Nord-Pas-de-Calais*
Nord-Westfàlia*
Norikura-dake*
nou-centena*
nou-centenes*
nou-centens*
nou-centes*
nou-cents*
nou-centè*
nou-centé*
nou-ric*
nou-rica*
nou-rics*
nou-riques*
Novo-Ogariovo*
NP-complet*
NP-completa*
NP-completes*
NP-complets*
nyam-nyam*
nyam-nyams*
nyau-nyau*
nyau-nyaus*
nyec-nyec*
nyec-nyecs*
nyeu-nyeu*
nyeu-nyeus*
nyic-i-nyac*
nyic-i-nyacs*
nyic-nyic*
nyic-nyics*
nyigo-nyigo*
nyigo-nyigos*
Ogooué-Ivindo*
Ogooué-Lolo*
oid-oid*
oid-oids*
Olonne-sur-Mer*
omega-*
Ontake-San*
Orekhovo-Zujevo*
oxidació-reducció*
p-acetamidofenol*
p-àdic*
p-àdica*
p-àdics*
p-àdiques*
pai-pai*
pai-pais*
Palais-Royal*
Palau-sacosta*
Palau-Sator*
Palau-Saverdera*
Palau-saverdera*
Palau-Solità*
Palau-solità*
Palau-surroca*
Pana-sacs*
pap-roig*
pap-roigs*
pap-rojos*
para-sol*
para-sols*
para-xocs*
Paray-le-Monial*
Pas-de-Calais*
passa-passa*
passa-passes*
Passa-rius*
passa-rius*
pau-amarelo*
pega-roques*
pela-roques*
Pena-Roja*
Pena-roja*
pengim-penjam*
pengim-penjams*
penja-roba*
penja-robes*
penja-sargantanes*
Penya-roja*
penya-segat*
penya-segats*
pesa-sals*
Petite-Synthe*
Peñarroya-Pueblonuevo*
pH-metre*
pH-metres*
Piatra-Neamţ*
pica-pica*
pica-piques*
pica-soques*
pif-paf*
pif-pafs*
pil-pil*
pim-pam*
pim-pam-pum*
pim-pams*
ping-pong*
ping-pongs*
piosalpingo-ooforitis*
piosalpingo-ootecitis*
piridin-nucleòtid*
piridin-nucleòtids*
pissi-pissiganya*
pit-roges*
pit-roig*
pit-roigs*
pit-roja*
pit-rojos*
piu-piu*
piu-pius*
pixa-reixes*
Pla-rodó*
Pla-romaní*
planta-roig*
planta-roigs*
planta-rojos*
plats-i-olles*
play-off*
play-offs*
plum-cake*
plum-cakes*
Poble-sec*
#poca-roba*
poca-robes*
poca-solta*
poca-soltada*
poca-soltades*
poca-soltes*
Pointe-Noire*
Pointe-à-Pitre*
Poitou-Charentes*
Pont-xetmar*
pop-rock*
Port-au-Prince*
Port-de-Bouc*
Port-of-Spain*
#porta-retalls*
#porta-revistes*
#porta-rotlles*
#porta-rotllos*
#porta-segells*
#porta-selles*
#porta-xecs*
Porto-Novo*
porto-riqueny*
porto-riquenya*
porto-riquenyes*
porto-riquenys*
post-COVID*
post-COVID-19*
post-it*
post-its*
poti-poti*
poti-potis*
Prat-roquer*
primo-riverista*
primo-riveristes*
pro-am*
pro-ams*
pro-drop*
pro-drops*
prêt-à-porter*
prêt-à-porters*
pseudo-oòlit*
pseudo-oòlits*
Puig-aguilar*
Puig-agut*
Puig-albó*
Puig-amalric*
Puig-argimon*
Puig-arnau*
Puig-arnol*
Puig-assalit*
Puig-avet*
Puig-ermós*
Puig-esteve*
Puig-i-pei*
Puig-i-vila*
Puig-llat*
Puig-oliver*
Puig-oltrer*
Puig-Oriol*
Puig-oriol*
Puig-redon*
Puig-refagut*
Puig-Reig*
Puig-rodon*
Puig-roig*
Puig-rovira*
Puig-rubí*
#puja-i-baixa*
puja-i-baixes*
Pujòla-ne-lèg*
punxa-soques*
punxa-sàrries*
puridina-desaminasa*
puridina-desaminases*
Puy-de-Dôme*
#pèl-blanc*
pèl-blanca*
pèl-blancs*
pèl-blanques*
#pèl-curt*
#pèl-curta*
#pèl-curtes*
#pèl-curts*
#pèl-llarg*
#pèl-llarga*
#pèl-llargs*
#pèl-llargues*
pèl-mud*
pèl-muda*
pèl-mudada*
pèl-mudades*
pèl-mudam*
pèl-mudant*
pèl-mudar*
pèl-mudara*
pèl-mudaran*
pèl-mudarem*
pèl-mudaren*
pèl-mudares*
pèl-mudareu*
pèl-mudaria*
pèl-mudarien*
pèl-mudaries*
pèl-mudarà*
pèl-mudaràs*
pèl-mudaré*
pèl-mudaríem*
pèl-mudaríeu*
pèl-mudassen*
pèl-mudasses*
pèl-mudassin*
pèl-mudassis*
pèl-mudat*
pèl-mudats*
pèl-mudau*
pèl-mudava*
pèl-mudaven*
pèl-mudaves*
pèl-mude*
pèl-mudem*
pèl-muden*
pèl-mudes*
pèl-mudessen*
pèl-mudesses*
pèl-mudessin*
pèl-mudessis*
pèl-mudeu*
pèl-mudi*
pèl-mudin*
pèl-mudis*
pèl-mudo*
pèl-mudà*
pèl-mudàrem*
pèl-mudàreu*
pèl-mudàs*
pèl-mudàssem*
pèl-mudàsseu*
pèl-mudàssim*
pèl-mudàssiu*
pèl-mudàvem*
pèl-mudàveu*
pèl-mudés*
pèl-mudéssem*
pèl-mudésseu*
pèl-mudéssim*
pèl-mudéssiu*
pèl-mudí*
pèl-ras*
pèl-rasa*
pèl-rases*
pèl-rasos*
pèl-roges*
pèl-rogíssim*
pèl-rogíssima*
pèl-rogíssimes*
pèl-rogíssims*
pèl-roig*
pèl-roigs*
pèl-roja*
pèl-rojos*
Pérez-Reverte*
público-privada*
público-privades*
público-privat*
público-privats*
quatre-centena*
quatre-centenes*
quatre-centens*
quatre-centes*
quatre-cents*
quatre-centè*
quatre-centé*
#qui-sap-la*
#qui-sap-les*
qui-sap-lo*
qui-sap-los*
rau-rau*
rau-raus*
ready-made*
remena-rocs*
Rhein-Herne-Kanal*
rhythm-and-blues*
riba-roger*
riba-rogera*
riba-rogeres*
riba-rogers*
ric-rac*
ric-racs*
ric-ric*
ric-rics*
Rillieux-la-Pape*
Rimski-Kórsakov*
ringo-rango*
Ris-Orangis*
ro-ro*
ro-ros*
Roca-solana*
Roche-sur-Yon*
#rock-and-roll*
#rock-and-rolls*
roda-soques*
Roine-Alps*
Rolls-Royce*
Romans-sur-Isère*
Rosny-sous-Bois*
Rueil-Malmaison*
rum-rum*
rum-rums*
Rîmnicu-Vîlcea*
Saint-Acheul*
Saint-Amand-Montrond*
Saint-Avold*
Saint-Brieuc*
Saint-Chamond*
Saint-Cloud*
Saint-Cyr*
Saint-Denis*
Saint-Dizier*
Saint-Dié*
Saint-Exupéry*
Saint-Fargeau*
Saint-Flour*
Saint-Fons*
Saint-Gaudens*
Saint-Germain*
Saint-Germain-des-Prés*
Saint-Germain-en-Laye*
Saint-Gervais*
Saint-Grégoire*
Saint-Herblain*
Saint-Jacques*
Saint-Jean-de-Maurienne*
Saint-Lazare*
#Saint-Louis*
Saint-Lô*
Saint-Malo*
Saint-Martin-d'Hères*
Saint-Maur-des-Fossés*
Saint-Michel*
Saint-Moritz*
Saint-Méen-le-Grand*
Saint-Nazaire*
Saint-Omer*
Saint-Ouen*
Saint-Paul-Trois-Châteaux*
Saint-Pierre-des-Corps*
Saint-Pierre-et-Miquelon*
Saint-Pol-sur-Mer*
Saint-Priest*
Saint-Quentin*
Saint-Saëns*
Saint-Simon*
Saint-Étienne*
Saint-Étienne-du-Rouvray*
Sainte-Beuve*
Sainte-Enimie*
Sainte-Geneviève-des-Bois*
Sala-rotllana*
Salies-de-Béarn*
salpingo-ooforocele*
salpingo-ooforoceles*
salpingo-ootecitis*
salpingo-ootecocele*
salpingo-ootecoceles*
salpingo-ootectomia*
salpingo-ootectomies*
salta-regle*
salta-regles*
sant-rafelina*
sant-rafelines*
sant-rafelins*
sant-rafelí*
Sant-ramon*
Sant-roc*
Sant-romà*
saqui-saqui*
saqui-saquis*
SARS-CoV*
SARS-CoV-2*
Savigny-sur-Orge*
Saxònia-Anhalt*
Schleswig-Holstein*
Semur-en-Auxois*
serin-deshidratasa*
serin-deshidratases*
Serra-sanç*
Serra-seca*
set-centena*
set-centenes*
set-centens*
set-centes*
set-cents*
set-centè*
set-centé*
Seto-naikai*
#sex-shop*
#sex-shops*
sialil-transferasa*
sialil-transferases*
sigma-àlgebra*
sigma-àlgebres*
Sine-Saloum*
sino-vietnamita*
sino-vietnamites*
Sint-Jans-Molenbeek*
sis-centena*
sis-centenes*
sis-centens*
sis-centes*
sis-cents*
sis-centè*
sis-centé*
Skarzysko-Kamienna*
Slesvig-Holstein*
soca-rel*
sol-gel*
sol-gels*
Solà-Morales*
Sota-ribes*
Sotteville-lès-Rouen*
Southend-on-Sea*
#start-up*
#start-ups*
Stockton-on-Tees*
Stoke-on-Trent*
stop-motion*
Stratford-on-Avon*
Strauss-Kahn*
sud-africana*
sud-africanes*
sud-africans*
sud-africà*
sud-americana*
sud-americanes*
sud-americanitzacions*
sud-americanització*
sud-americans*
sud-americà*
Sud-amèrica*
sud-aràbic*
sud-aràbics*
sud-aràbiga*
sud-aràbigues*
sud-coreana*
sud-coreanes*
sud-coreans*
sud-coreà*
sud-eslau*
sud-eslaus*
sud-eslava*
sud-eslaves*
sud-est*
sud-europea*
sud-europees*
sud-europeu*
sud-europeus*
sud-occidental*
sud-occidentals*
sud-oest*
sud-oriental*
sud-orientals*
Sud-àfrica*
superòxid-dismutasa*
superòxid-dismutases*
súper-16*
súper-35*
súper-8*
taf-taf*
taf-tafs*
talla-rajoles*
talla-robes*
talla-roques*
tal·là-tal·lera*
tam-tam*
tam-tams*
Tan-Tan*
Tannu-Ola*
tapa-sol*
tapa-solet*
tapa-solets*
tapa-sols*
Tarascon-d'Arièja*
Tarascon-sur-Ariège*
tarit-tarot*
tarit-tarots*
tau-tau*
Tay-Ninh*
Tel-Aviv*
Tel-Aviv-Yafō*
temple-block*
temple-blocks*
terra-aire*
terra-terra*
terrús-terrús*
tex-mex*
Thonon-les-Bains*
Thyssen-Bornemisza*
tic-tac*
tic-tacs*
timidilat-sintetasa*
timidilat-sintetases*
tioredoxina-reductasa*
tioredoxina-reductases*
tira-tira*
Tizi-Ouzou*
toc-toc*
toca-son*
toca-sons*
tol·le-tol·le*
tol·le-tol·les*
topa-i-corre*
topa-i-corres*
Tor-la-ribera*
torca-raor*
torca-raors*
Torre-Pacheco*
Torre-ramona*
Torre-roja*
Torre-romeu*
Torre-Serona*
Torre-serona*
Torre-somera*
Torre-xiva*
torre-xiver*
torre-xivera*
torre-xiveres*
torre-xivers*
Torre-chiva+
Toulouse-Lautrec*
Tremblay-en-France*
tres-centena*
tres-centenes*
tres-centens*
tres-centes*
tres-cents*
tres-centè*
tres-centé*
tric-trac*
tric-tracs*
trifosfopiridina-nucleòtid*
trifosfopiridina-nucleòtids*
trinco-trinco*
trip-trap*
trip-traps*
tris-tras*
trompe-l'oeil*
tse-tse*
tupí-guaraní*
tupí-guaranís*
tutti-frutti*
txa-txa-txa*
txa-txa-txas*
Tîrgu-Jiu*
ukiyo-e*
ukiyo-es*
Ulan-Ude*
Usolje-Sibirskoje*
Ust'-Kamenogorsk*
Val-d'Isère*
Val-d'Oise*
Val-de-Marne*
Vall-de-riu*
Vall-de-ros*
vall-de-rourana*
vall-de-rouranes*
vall-de-rourans*
Vall-de-roures*
vall-de-rourà*
Vall-llaura*
Vall-llebrera*
Vall-llebrerola*
Vall-llobera*
Vall-Llobrega*
Vall-llobrega*
vall-llobreguenc*
vall-llobreguenca*
vall-llobreguencs*
vall-llobreguenques*
Vall-llonga*
Vall-llongues*
Vall-llosera*
Vandoeuvre-les-Nancy*
Vaulx-en-Velin*
vena-sec*
vena-secs*
veta-segat*
veta-segats*
Vigneux-sur-Seine*
Vila-ramó*
Vila-rasa*
Vila-real*
vila-realenc*
vila-realenca*
vila-realencs*
vila-realenques*
Vila-robau*
Vila-rodona*
vila-rodonina*
vila-rodonines*
vila-rodonins*
vila-rodoní*
Vila-roig*
Vila-roja*
Vila-ros*
Vila-rosal*
Vila-rubla*
Vila-rubí*
Vila-sacra*
vila-sacrenc*
vila-sacrenca*
vila-sacrencs*
vila-sacrenques*
Vila-sana*
Vila-seca*
vila-secana*
vila-secanes*
vila-secans*
vila-secà*
Vilanuèva-d'Òlt*
Vilars-Osona*
Villeneuve-d'Ascq*
Villeneuve-la-Garenne*
Villeneuve-le-Roi*
Villeneuve-Saint-Georges*
Villers-Cotterêts*
Villiers-le-Bel*
Villiers-sur-Marne*
Villingen-Schwenningen*
vint-i-cinc*
vint-i-cinquena*
vint-i-cinquenes*
vint-i-cinquens*
vint-i-cinquè*
vint-i-cinqué*
vint-i-dos*
vint-i-dosena*
vint-i-dosenes*
vint-i-dosens*
vint-i-dosè*
vint-i-dosé*
vint-i-dues*
vint-i-huit*
vint-i-huitena*
vint-i-huitenes*
vint-i-huitens*
vint-i-huitè*
vint-i-huité*
vint-i-nou*
vint-i-novena*
vint-i-novenes*
vint-i-novens*
vint-i-novè*
vint-i-nové*
vint-i-pocs*
vint-i-poques*
vint-i-quatre*
vint-i-quatrena*
vint-i-quatrenes*
vint-i-quatrens*
vint-i-quatrè*
vint-i-quatré*
vint-i-set*
vint-i-setena*
vint-i-setenes*
vint-i-setens*
vint-i-setè*
vint-i-seté*
vint-i-sis*
vint-i-sisena*
vint-i-sisenes*
vint-i-sisens*
vint-i-sisè*
vint-i-sisé*
vint-i-tantes*
vint-i-tants*
vint-i-tres*
vint-i-tresena*
vint-i-tresenes*
vint-i-tresens*
vint-i-tresè*
vint-i-tresé*
vint-i-u*
vint-i-un*
vint-i-una*
vint-i-unena*
vint-i-unenes*
vint-i-unens*
vint-i-unè*
vint-i-uné*
vint-i-vuit*
vint-i-vuitena*
vint-i-vuitenes*
vint-i-vuitens*
vint-i-vuitè*
vint-i-vuité*
Viollet-le-Duc*
Viry-Chatillon*
vis-a-vis*
Vitry-sur-Seine*
viu-viu*
viu-vius*
vol-au-vent*
vol-au-vents*
Voll-Damm*
volt-coulomb*
volt-coulombs*
vuit-centena*
vuit-centenes*
vuit-centens*
vuit-centes*
vuit-cents*
vuit-centè*
vuit-centé*
vèrtex-simètric*
vèrtex-simètrica*
vèrtex-simètrics*
vèrtex-simètriques*
vèrtex-transitiu*
vèrtex-transitius*
vèrtex-transitiva*
vèrtex-transitives*
Vélez-Málaga*
Vélizy-Villacoublay*
walkie-talkie*
walkie-talkies*
Weston-super-Mare*
Wi-Fi*
Wilkes-Barre*
Windisch-Graetz*
Winston-Salem*
Xampanya-Ardenes*
xano-xano*
xau-xau*
xau-xaus*
xerric-xerrac*
xerric-xerracs*
xic-xac*
xic-xacs*
xim-xim*
xim-xims*
xino-xano*
xip-xap*
xip-xaps*
xiu-xiu*
xiu-xius*
xup-xup*
xup-xups*
xupa-xup*
xupa-xups*
Yat-sen*
Yverdon-les-Bains*
zam-zam*
zig-zag*
zig-zags*
ziga-zaga*
ziga-zagues*
zim-zam*
zing-zing*
zing-zings*
ziu-zau*
zub-zub*
zub-zubs*
zum-zum*
zum-zums*
Àustria-Este*
Àustria-Hongria*
Épinay-sur-Seine*
Équeurdreville-Hainneville*

ex-libris+
ex-librisme+