# The opposite of added.txt: these readings will be removed.
# Useful to remove incorrect readings from the binary dictionary without rebuilding it.
# File Encoding: UTF-8
# Format: fullform baseform postags (tab separated)
Anglès	Anglès	NPCSG00
Balears	balear	NPCPG00
Barcino	Barcino	NPCSG00
Dacca	Dacca	NPCSG00
Donbass	Donbass	NPMSG00
Gizeh	Gizeh	NPCSG00
Guadalhorce	Guadalhorce	NPCSG00
ITV	ITV	NPFSO00
Kirguizistan	Kirguizistan	NPMSG00
Lugansk	Lugansk	NPCSG00
Madrigueres	Madrigueres	NPCSG00
Mississipí	Mississipí	NPCSG00
Mollerussa	Mollerussa	NPFSG00
Mont-real	Mont-real	NPCSG00
Munic	Munic	NPMSG00
Pennsilvània	Pennsilvània	NPFSG00
Punjab	Punjab	NPMSG00
Ramallah	Ramallah	NPCSG00
Riba-Roja	Riba-Roja	NPFSG00
Sapiens	Sapiens	NPCNSP0
Trastàmara	Trastàmara	NPMSSP0
Vèneto	Vèneto	NPMSG00
Xangai	Xangai	NPCSG00
Zuric	Zuric	NPCSG00
alisi	alisi	AQ0MS0
alisis	alisi	AQ0MP0
antiginy	antiginy	NCMS000
antiginys	antiginy	NCMP000
aprenent	aprenent	NCCS000
aprenenta	aprenenta	NCFS000
aprenentes	aprenenta	NCFP000
aprenents	aprenent	NCCP000
badomeries	badomeries	NCFP000
badomies	badomies	NCFP000
blaugrana	blaugrana	AQ0CS0
blaugranes	blaugrana	AQ0CP0
bolera	bolera	NCFS000
boleres	bolera	NCFP000
calocèfal	calocèfal	AQ0CS0
calocèfals	calocèfal	AQ0CP0
calomelans	calomelans	NCMP000
camelesa	camelès	AQ0FS0
camelesa	camelès	NCFS000
cameleses	camelès	AQ0FP0
cameleses	camelès	NCFP000
camelesos	camelès	AQ0MP0
camelesos	camelès	NCMP000
camelès	camelès	AQ0MS0
camelès	camelès	NCMS000
camelés	camelès	AQ0MS0
camelés	camelès	NCMS000
cisgènere	cisgènere	AQ0CS0
cisgèneres	cisgènere	AQ0CP0
cuesta	cuesta	NCFS000
cuestes	cuesta	NCFP000
dimissòria	dimissòria	NCFS000
dimissòries	dimissòria	NCFP000
ell	ell	PP3MS000
ella	ell	PP3FS000
elles	ell	PP3FP000
ells	ell	PP3MP000
epispàdia	epispàdia	NCFS000
epispàdies	epispàdia	NCFP000
escatoso	escatoso	NCMS000
escatosos	escatoso	NCMP000
exgerent	exgerent	NCMS000
exgerents	exgerent	NCMP000
junior	junior	AQ0MS0
junior	junior	NCMS000
juniora	junior	AQ0FS0
juniora	junior	NCFS000
juniores	junior	AQ0FP0
juniores	junior	NCFP000
juniors	junior	AQ0MP0
juniors	junior	NCMP000
kombutxa	kombutxa	NCCS000
kombutxes	kombutxa	NCCP000
lama	lama	NCMS000
lames	lama	NCMP000
lledània	lledània	NCFS000
lledànies	lledània	NCFP000
nosaltres	jo	PP1CP000
nul·lípar	nul·lípar	AQ0MS0
nul·lípara	nul·lípar	AQ0FS0
nul·lípares	nul·lípar	AQ0FP0
nul·lípars	nul·lípar	AQ0MP0
opositipètal	opositipètal	AQ0CS0
opositipètals	opositipètal	AQ0CP0
opositisèpal	opositisèpal	AQ0CS0
opositisèpals	opositisèpal	AQ0CP0
pennsilvaniana	pennsilvaniana	NCFS000
pennsilvaniana	pennsilvanià	AQ0FS0
pennsilvanianes	pennsilvaniana	NCFP000
pennsilvanianes	pennsilvanià	AQ0FP0
pennsilvanians	pennsilvanià	AQ0MP0
pennsilvanians	pennsilvanià	NCMP000
pennsilvanià	pennsilvanià	AQ0MS0
pennsilvanià	pennsilvanià	NCMS000
pilanet	pilanet	NCMS000
pilanets	pilanet	NCMP000
pitonissa	pitonissa	NCFS000
pitonisses	pitonissa	NCFP000
pseudodemocràticsa	pseudodemocràtic	AQ0FS0
pseudodemocràticses	pseudodemocràtic	AQ0FP0
rugoso	rugoso	NCMS000
rugosos	rugoso	NCMP000
rulons	ruló	NCMP000
ruló	ruló	NCMS000
sapiens	sapiens	AQ0CN0
tomatina	tomatina	NCFS000
tomatines	tomatina	NCFP000
tu	tu	PP2CS000
témpora	témpora	NCFS000
témpores	témpora	NCFP000
vosaltres	tu	PP2CP000
vostè	vostè	PP3CS00P
vostès	vostè	PP3CP00P
vosté	vostè	PP3CS00P
vostés	vostè	PP3CP00P
xangainesa	xangainès	AQ0FS0
xangaineses	xangainès	AQ0FP0
xangainesos	xangainès	AQ0MP0
xangainès	xangainès	AQ0MS0
xangainés	xangainès	AQ0MS0
xerostomia	xerostomia	NCMS000
xerostomies	xerostomia	NCMP000
Àurea	Àurea	NPFSSP0
Ènova	Ènova	NPFSG00
