# Based on After the Deadline
# words with diacritics
# For notes, refer to https://github.com/languagetool-org/languagetool/issues/2051
#abbe=abbé
abbes=abbés
#acai=açaí
a contrecaeur=à contrecœur
a gogo=à gogo
aide-memoire=aide-mémoire
aides-memoire=aides-mémoire
# aides-memoires=aides-mémoires
akaganeite=akaganéite
akce=akçe
akces=akçes
akermanite=åkermanite
#a la=à la  most Matomo disables for 'a la' are in Spanish
a la carte=à la carte
a la mode=à la mode
ancien regime=ancien régime
anciens regimes=anciens régimes
anekantavada=anekāntavāda
an expose=an exposé
anudatta=anudātta
apercu=aperçu
apercus=aperçus
aperitif=apéritif
aperitifs=apéritifs
appellation controlee=appellation contrôlée
applique=appliqué
applique=appliquéd
applique=appliqués
applique=appliquéing
# apres=après
apres-ski=après-ski
apres-skiing=après-skiing
# a propos=à propos
# apropos=àpropos
# arete=arête
arriere-pensee=arrière-pensée
arriere-pensees=arrière-pensées
# a sake=a saké. Different lemma sake
Atletico=Atlético
attache=attaché
# attaches=attachés different lemma for verb attaches
# attache case=attaché case. Found by 'attache'
# auto da fe=auto da fé
auto-da-fe=auto-da-fé
autos-da-fe=autos-da-fé
# auto de fe=auto de fé
barege=barège
bayadere=bayadère
bayaderes=bayadères
# bearnaise=béarnaise
bearnaise sauce=béarnaise sauce
beau ideal=beau idéal
beau ideals=beau idéals
beaux ideals=beaux idéals
bechamel=béchamel
bechamel sauce=béchamel sauce
beche-de-mer=bêche-de-mer
beches-de-mer=bêches-de-mer
# beguin=béguin
belle epoque=belle époque
Benito Juarez=Benito Juárez
bergere=bergère
bergeres=bergères
bete noire=bête noire
bete noires=bête noires
betise=bêtise
betises=bêtises
# bhumi=bhūmi
blase=blasé
blodite=blödite
blodites=blödites
# bobeche=bobèche
# bolivar=bolívar
# make specific rule
# bombe=bombé www.lexico.com/en/definition/bombe, www.merriam-webster.com/dictionary/bombe
# bon appetit=bon appétit
bonbonniere=bonbonnière
bonbonnieres=bonbonnières
bouchee=bouchée
bouchees=bouchées
boucle=bouclé
bourree=bourrèe
bourrees=bourrèes
# brassiere=brassière
# bric-a-brac=bric-à-brac
brotchen=brötchen
brotchens=brötchens
bukovskyite=bukovskýite
cabecou=cabécou
cafe au lait=café au lait
#cafe=café
cafes=cafés
cafe noir=café noir
cafe noisette=café noisette
cafetiere=cafetière
cafetieres=cafetières
# caffe americano=caffè americano
# caffe latte=caffè latte
# caic=caïc
caique=caïque
caiques=caïques
# caiquejee=caïquejee
caleche=calèche
caleches=calèches
canape=canapé
canapes=canapés
# candiru=candirú
catalogue raisonne=catalogue raisonné
catalogues raisonnes=catalogues raisonnés
cause celebre=cause célèbre
causes celebres=causes célèbres
# centzontle=centzontlé
cepage=cépage
chacun a son gout=chacun à son goût
charge d'affaires=chargé d'affaires
charges d'affaires=chargés d'affaires
chasse=chassé
chasses=chassés
chassed=chasséd
chasseing=chasséing
chateaubriand=châteaubriand
chateaubriands=châteaubriands
chateau=château
chateaux=châteaux
chef-d'aeuvre=chef-d'œuvre
chefs-d'aeuvre=chefs-d'œuvre
chevre=chèvre
# cine film=ciné film
# cinefilm=cinéfilm
cinema verite=cinéma vérité
cire=ciré
Citroen=Citroën
Ciudad Juarez=Ciudad Juárez
Ciudad Acuna=Ciudad Acuña
cliche=cliché
cliches=clichés
# make case-sensitive
cliched=clichéd
# clicheed=clichéed
cliche-ridden=cliché-ridden
cliche-verre=cliché-verre
cloisonne=cloisonné
# comme ci comme ca=comme ci comme ça The correct phrase is with a comma (in LT): comme ci, comme ça
commere=commère
commeres=commères
communique=communiqué
communiques=communiqués
# compere=compère # see rule COMPERE
# comperes=compères
# compered=compèred
# compering=compèring
confrere=confrère
confreres=confrères
consomme=consommé
# conte=conté
# make case_sensitive
contourne=contourné
cordoba=córdoba
cortege=cortège
corteges=cortèges
corvee=corvée
corvees=corvées
coryphee=coryphée
coryphees=coryphées
#coule=coulé # confusion of "could"
coules=coulés
coup de grace=coup de grâce
coups de grace=coups de grâce
coup d'etat=coup d'état
coup detat=coup d'état
coup de theatre=coup de théâtre
# coupe=coupé
# make case sentive. Coupe des Alpes
coups d'etat=coups d'état
coups de theatre=coups de théâtre
# creature=creäture
creche=crèche
creches=crèches
Credit Agricole=Crédit Agricole
creme anglaise=crème anglaise
creme brulee=crème brûlée
creme brulees=crème brûlées
cremes brulees=crèmes brûlées
creme caramel=crème caramel
creme caramels=crème caramels
cremes caramel=crèmes caramel
creme de cacao=crème de cacao
creme de cassis=crème de cassis
creme de la creme=crème de la crème
creme de menthe=crème de menthe
creme fraiche=crème fraîche
creme=crème
cremes=crèmes
crepe=crêpe
crepes=crêpes
crepe de chine=crêpe de chine
crepe paper=crêpe paper
creperie=crêperie
creperies=crêperies
crepy=crêpy
croise=croisé
cross pattee=cross pattée
crosses pattees=crosses pattées
crudites=crudités
curacao=curaçao
cybercafe=cybercafé
cybercafes=cybercafés
cy-pres=cy-près
# dais=daïs
damasse=damassé
damasses=damassés
#debridement=débridement
# debut=début
# too common
decolletage=décolletage
decolletages=décolletages
decollete=décolleté
decolletes=décolletés
decolletee=décolletée
decolletees=décolletées
degage=dégagé
degages=dégagés
deja vu=déjà vu
demarche=démarche
demarches=démarches
#denouement=dénouement
#denouements=dénouements
depanneur=dépanneur
depanneurs=dépanneurs
#departement=département
derriere=derrière
derrieres=derrières
detente=détente
developpe=développé
developpes=développés
devore=devoré
devores=devorés
#diamante=diamanté
#differance=différance
distingue=distingué
distinguee=distinguée
donnee=donnée
donnees=données
doppelganger=doppelgänger
doppelgangers=doppelgängers
dos-a-dos=dos-à-dos
dragee=dragée
dragees=dragées
drophead coupe=drophead coupé
drophead coupes=drophead coupés
echappe=échappé
eclair=éclair
eclairs=éclairs
eclat=éclat
ecorche=écorché
ecossaise=écossaise
ecossaises=écossaises
# ecoute=écoute
# ecu=écu
#elan=élan
elan vital=élan vital
# elite=élite
emeute=émeute
emeutes=émeutes
emigre=émigré
emigres=émigrés
eminence grise=éminence grise
eminences grises=éminences grises
enarque=énarque
enarques=énarques
engagee=engagée
entrecote=entrecôte
entrecotes=entrecôtes
entree=entrée
entrees=entrées
entrepot=entrepôt
entrepots=entrepôts
epee=épée
epees=épées
epeeist=épéeist
epeeists=épéeists
# epopee=épopée
etagere=étagère
etageres=étagères
etatisme=étatisme
etoile=étoile
etoiles=étoiles
etouffee=étouffée
etouffees=étouffées
etrier=étrier
etriers=étriers
etude=étude
etudes=études
etui=étui
etuis=étuis
# facade=façade # (see https://www.merriam-webster.com/dictionary/facade)
facon de parler=façon de parler
faconne=façonné
faconnes=façonnés
faineant=fainéant
faineants=fainéants
fainne=fáinne
fainnes=fáinnes
faux-naif=faux-naïf
feerie=féerie
feeries=féeries
fete champetre=fête champêtre
fetes champetres=fêtes champêtres
fete=fête
fetes=fêtes
fiancee=fiancée
fiancees=fiancées
fiance=fiancé
fiances=fiancés
file powder=filé powder
fin de siecle=fin de siècle
fixed head coupe=fixed head coupé
fixed head coupes=fixed head coupés
flambeed=flambéed
flambe=flambé
flambeing=flambéing
flambes=flambés
flanerie=flânerie
flaneur=flâneur
flaneurs=flâneurs
fleche=flèche
fleches=flèches
flechette=fléchette
flechettes=fléchettes
flugelhorn=flügelhorn
flugelhorns=flügelhorns
folie a deux=folie à deux
folies a deux=folies à deux
fouette=fouetté
fouettes=fouettés
frappe=frappé
frappes=frappés
frise=frisé
garcon=garçon
garcons=garçons
gateau=gâteau
# gateau is very withspread. May be reconsidered.
gateaux=gâteaux
gemutlich=gemütlich
giclee=giclée
giclees=giclées
gite=gîte
gites=gîtes
glace=glacé
grunerite=grünerite
grunerites=grünerites
#guarani=guaraní # Guarani Aquifer
guaranis=guaranís
gumbo file=gumbo filé
Gustavo Diaz Ordaz=Gustavo Díaz Ordaz
habitue=habitué
habitues=habitués
hacek=háček
haceks=háčeks
#hao=hào
hauyne=haüyne
heroon=herõon
heroons=herõons
hubnerite=hübnerite
idee fixe=idée fixe
idees fixes=idées fixes
# idee=idée
idee recue=idée reçue
idees recues=idées reçues
ingenue=ingénue
ingenues=ingénues
jalapeno=jalapeño
jalapenos=jalapeños
jardiniere=jardinière
jaspe=jaspé
# jefe politico=jefe político
jete=jeté
jetes=jetés
jeunesse doree=jeunesse dorée
# jo=jō
jokulhlaup=jökulhlaup
jokulhlaups=jökulhlaups
Joaquin Guzman=Joaquín Guzmán
kamancha=kamāncha
kamanchas=kamānchas
kamanche=kamānche
kamanches=kamānches
# kavya=kāvya
krona=króna
kronur=krónur
lagerstatte=lagerstätte
lagerstatten=lagerstätten
# lagerstattes=lagerstättes
# lapsus linguae=lapsūs linguae
Les Miserables=Les Misérables
lese majeste=lèse-majesté
lese-majeste=lèse-majesté
limacon=limaçon
limacons=limaçons
lollingite=löllingite
macedoine=macédoine
macedoines=macédoines
macrame=macramé
madrilene=madrilène
madrono=madroño
madronos=madroños
# make case sensitive rule
# maelstrom=maelström
maison de tolerance=maison de tolérance
maitre d'hotel=maître d'hôtel
maitres d'hotel=maîtres d'hôtel
maitre d'=maître d'
maitre d's=maître d's
# malpais=malpaís
manana=mañana
# mandala=maṇḍala
# manege=manège # See rule MANEGE
manque=manqué
marron glace=marron glacé
marrons glaces=marrons glacés
martele=martelé
# masse=massé
# materiel=matériel # See rule MATERIEL
matinee idol=matinée idol
matinee idols=matinée idols
matinee=matinée
matinees=matinées
melange=mélange
melanges=mélanges
# melee=mêlée
menage a trois=ménage à trois
menages a trois=ménages à trois
menage=ménage
menages=ménages
# meningocele manque=meningocele manqué
mesalliance=mésalliance
mesalliances=mésalliances
methode champenoise=méthode champenoise
metier=métier
metiers=métiers
meuniere=meunière
mezair=mézair
mezairs=mézairs
military attache=military attaché
military attaches=military attachés
mise en scene=mise en scène
misere=misère
miseres=misères
# misere ouvert=misère ouvert
moire=moiré
moires=moirés
# moire pattern=moiré pattern Found by 1-word moire
# mokki=mökki
# mongo=möngö # Mongo DB
mouille=mouillé
moules marinieres=moules marinières
# mousmee=mousmée
mousme=mousmé
mousmes=mousmés
mouton enrage=mouton enragé
# mudra=mudrā
mujtahidun=mujtahidūn
mumak=mûmak
musique concrete=musique concrète
# naga=nāga
# naif=naïf # name
# 'naive.+' are very withspread. May be reconsidered.
naiveness=naïveness
# naivete=naiveté
# naivete=naïvete
naivete=naïveté
# naivety=naïvety
# negligee=negligée
negligee=négligée
negligees=négligées
# ne=né
#neve=névé
# noel=noël
# make case sensitive rule
norteno=norteño
nortenos=norteños
nuee ardente=nuée ardente
nuees ardentes=nuées ardentes
numeraire=numéraire
numeraires=numéraires
objet trouve=objet trouvé
objets trouves=objets trouvés
# of sake=of saké
# ole=olé
# make case sentive
omerta=omertà
opera bouffe=opéra bouffe
operas bouffes=opéras bouffes
opera comique=opéra comique
operas comiques=opéras comiques
orne=orné
outre=outré
# pandit=paṇḍit
papier-mache=papier-mâché
parc ferme=parc fermé
passe=passé
pate brisee=pâte brisée
pate de foie gras=pâté de foie gras
# pate=pâté
# make case sensitive rule
patisserie=pâtisserie
patisseries=pâtisseries
# pave=pavé
# pengo=pengő
pengo=pengö
pengos=pengös
pere=père
#perestroika=perestroĭka
petanque=pétanque
petillant=pétillant
phosphorrosslerite=phosphorrösslerite
piece de resistance=pièce de résistance
pieces de resistance=pièces de résistance
piece montee=pièce montée
pied-a-terre=pied-à-terre
pieds-a-terre=pieds-à-terre
pieta=pietà
pietas=pietàs
pina colada=piña colada
pina coladas=piña coladas
pinata=piñata
pinatas=piñatas
# pinon=piñon
# pique=piqué
pise=pisé
piu=più
plie=plié
# plies=pliés
# plied=pliéd
plieing=pliéing
plisse=plissé
plus ca change=plus ça change
pointille=pointillé
porte cochere=porte cochère
portiere=portière
portieres=portières
pousse-cafe=pousse-café
precis=précis
#precised=précised
precising=précising
premiere danseuse=première danseuse
Presa Falcon=Presa Falcón
# premiere=première
proces-verbal=procès-verbal
protegee=protégée
# protege=protegé
protege=protégé
puree=purée
purees=purées
pureed=puréed
pureeing=puréeing
# qanat=qanāt
# qasida=qaṣīda
qindarke=qindarkë
quinceanera=quinceañera
quinceaneras=quinceañeras
# quoi ci quoi ca=quoi ci quoi ça
# rai=raï
# make case sentive
ragu=ragù
ragus=ragùs
raison d'etre=raison d'être
raisons d'etre=raisons d'être
rastaquouere=rastaquouère
rastaquoueres=rastaquouères
rechauffe=réchauffé
rechauffes=réchauffés
#recherche=recherché
# regime=régime
regisseur=régisseur
regisseurs=régisseurs
remoulade=rémoulade
remoulades=rémoulades
repechage=repêchage
repechages=repêchages
repetiteur=répétiteur
repetiteurs=répétiteurs
repousse=repoussé
retrousse=retroussé
rincon=rincón
rincons=rincóns
risque=risqué
roman a clef=roman à clef
romans a clef=romans à clef
roman a these=roman à thèse
romanechite=romanèchite
rontgen=röntgen
rontgens=röntgens
rose wine=rosé wine
rose wines=rosé wines
roue=roué
roues=roués
sacre bleu=sacré bleu
saignee=saignée
Saint-Saens=Saint-Saëns
# sake bomb=saké bomb
salade nicoise=salade niçoise
salades nicoises=salades niçoises
salchichon=salchichón
# samsara=saṃsāra
# sate=saté # https://www.merriam-webster.com/dictionary/sate
saute=sauté
sautes=sautés
sauteed=sautéed
sauteing=sautéing
schrockingerite=schröckingerite
#seance=séance
#seances=séances
# seme=semé
senora=señora
senoras=señoras
senorita=señorita
senor=señor
senor=señores
# sharif=sharīf
# make case sensitive rule
shonen=shōnen
# smriti=smṛiti
soignee=soignée
soigne=soigné
soiree=soirée
soirees=soirées
solfege=solfège
son et lumiere=son et lumière
# souffle=soufflé
# soule=soulé
soupcon=soupçon
# sprachgefuhl=sprachgefühl
# sutra=sūtra
table d'hote=table d'hôte
tables d'hote=tables d'hôte
# takahe=takahē
taqueria=taquería
taquerias=taquerías
tete-a-tete=tête-à-tête
tete-a-tetes=tête-à-têtes
tete-beche=tête-bêche
togrog=tögrög
# tomato puree=tomato purée Found by 1-word puree
touche=touché
# transport cafe=transport café  purée Found by 1-word cafe
tres chic=très chic
trouvere=trouvère
trouveres=trouvères
# ubermensch=übermensch
udatta=udātta
ulvospinel=ulvöspinel
# uropoiesis=uropoïesis
veloute=velouté
vicuna=vicuña
vicunas=vicuñas
vis-a-vis=vis-à-vis
vive la difference=vive la différence
voila=voilà
# volva=völva
# vrddhied=vṛddhied
# whereas=whereäs
wustite=wüstite
wustites=wüstites
# zaire=zaïre
zalesiite=zálesíite
# zoea=zoëa
#
# propernouns from AtD
#
# Action democratique=Action démocratique
Action democratique du Quebec=Action démocratique du Québec
Adelie penguin=Adélie penguin
Aed Ruad=Áed Ruad
Aife=Aífe
Ailill mac Mata=Ailill mac Máta
Ajie=Ajië
Aland=Åland
Alfheimr=Álfheimr
Alfven wave=Alfvén wave
Alfven waves=Alfvén waves
Alvissmal=Alvíssmál
Amapa=Amapá
Ancien Regime=Ancien Régime
#Andre=André
# Apalai=Apalaí
Asatru=Ásatrú
Asuncion=Asunción
Baden-Wurttemberg=Baden-Württemberg
Badiu=Bádiu
Baha'i=Bahá'í
Bahram=Bahrām
Bajina Basta=Bajina Bašta
# Barca=Barça
Baume scale=Baumé scale
Beche-de-Mer=Bêche-de-Mer
Bedzin=Będzin
Behcet's disease=Behçet's disease
Behcet's syndrome=Behçet's syndrome
Belem=Belém
Belle Epoque=Belle Époque
Besancon=Besançon
Bezier curve=Bézier curve
Bezier curves=Bézier curves
Beziers=Béziers
Bhagavad-gita=Bhagavad-gītā
Bhumi=Bhūmi
Biere=Bière
Black Forest gateau=Black Forest gâteau
Black Forest gateaux=Black Forest gâteaux
Blai Briugu=Blaí Briugu
Bloc Quebecois=Bloc Québécois
Bogota=Bogotá
Bokmal=Bokmål
Bootes=Boötes
Bouake=Bouaké
Brahmana=Brāhmaṇa
Brasilia=Brasília
# Brennschlusse=Brennschlüsse
Bronsted-Lowry acid=Brønsted-Lowry acid
Bronsted-Lowry acids=Brønsted-Lowry acids
Bronsted-Lowry base=Brønsted-Lowry base
Bronsted-Lowry bases=Brønsted-Lowry bases
Brule=Brulé
Buchner flask=Büchner flask
Buchner flasks=Büchner flasks
Buchner funnel=Büchner funnel
Buchner funnels=Büchner funnels
# Cai=Cài
Cakavian=Čakavian
Candomble=Candomblé
Ceara=Ceará
Cefalu=Cefalù
Cet mac Magach=Cet mac Mágach
Chambery=Chambéry
Cheadle-Moller-Barlow syndrome=Cheadle-Möller-Barlow syndrome
Cheticamp=Chéticamp
# Chloe=Chloë
Cimbaeth=Cimbáeth
Coatlan Mixe=Coatlán Mixe
# Comcaac=Comcáac
Conde Nast=Condé Nast
Cote d'Azur=Côte d'Azur
Cote d'Ivoire=Côte d'Ivoire
Cote d'Or=Côte d'Or
crepe de Chine=crêpe de Chine
Cuauhtemoc=Cuauhtémoc
Cuchulainn=Cúchulainn
Cuiaba=Cuiabá
Curacao=Curaçao
Cu Roi=Cú Roí
Dail Eireann=Dáil Éireann
#Desiree=Desirée
#Desiree=Désirée
Diegueno=Diegueño
Dithorba=Díthorba
Durres=Durrës
Dusseldorf=Düsseldorf
El Nino=El Niño
El Ninos=El Niños
# Eloise=Eloïse https://en.wiktionary.org/wiki/Eloise
Elysee=Élysée
Eochaid Salbuide=Eochaid Sálbuide
Eotvos=Eötvös
#Esme=Esmé
Espirito Santo=Espírito Santo
Etain=Étaín
Eyjafjallajokull=Eyjafjallajökull
Fachtna Fathach=Fachtna Fáthach
Fahrvergnugen=Fahrvergnügen
Fedelm Noichrothach=Fedelm Noíchrothach
Fergus mac Roich=Fergus mac Róich
Fianna Eireann=Fianna Éireann
Fianna Fail=Fianna Fáil
File Powder=Filé Powder
Finistere=Finistère
Fjolsvinnsmal=Fjölsvinnsmál
Floreal=Floréal
Florianopolis=Florianópolis
Forli-Cesena=Forlì-Cesena
Fraech=Fráech
Franche-Comte=Franche-Comté
Fraulein=Fräulein
Frauleins=Fräuleins
fuhrer=führer
fuhrers=führers
#Furth=Fürth
Gae Bolga=Gáe Bolga
Gae Bolg=Gáe Bolg
Gae Bulga=Gáe Bulga
Gae Bulg=Gáe Bulg
Galapagos=Galápagos
Galapagos Islands=Galápagos Islands
Galapagos penguin=Galápagos penguin
Galapagos penguins=Galápagos penguins
Galapagos sea lion=Galápagos sea lion
Galapagos sea lions=Galápagos sea lions
Garifuna=Garífuna
Gdansk=Gdańsk
Gemutlichkeit=Gemütlichkeit
Gewurztraminer=Gewürztraminer
Gjirokaster=Gjirokastër
Godel's incompleteness theorem=Gödel's incompleteness theorem
Goiania=Goiânia
Goias=Goiás
Gotterdammerung=Götterdämmerung
Gottingen=Göttingen
Graubunden=Graubünden
Grimnismal=Grímnismál
Grogaldr=Grógaldr
Gruyere=Gruyère
Guarani=Guaraní
Guernesiais=Guernésiais
Guillain-Barre syndrome=Guillain-Barré syndrome
Gumbo File=Gumbo Filé
Haagen-Dazs=Häagen-Dazs
Haagen Dazs=Häagen-Dazs
Hameenlinna=Hämeenlinna
Harbarosljoo=Hárbarðsljóð
Hassaniya=Hassānīya
Havamal=Hávamál
Himare=Himarë
#Hoa=ǂHõã
#Ho Chi Minh=Hồ Chí Minh # the city is usually spelled without diacritics
Honne=Hönne
Hyndluljoo=Hyndluljóð
Ile-de-France=Île-de-France
# Internet cafe=Internet café Found by 1-word cafe
#Islamic=Islāmic
#Jager=Jäger  # is also a name
Jerriais=Jèrriais
Joao Pessoa=João Pessoa
Juchitan=Juchitán
Jyvaskyla=Jyväskylä
Kadiweu=Kadiwéu
Karman vortex street=Kármán vortex street
Karman vortex streets=Kármán vortex streets
Kazanlak=Kazanlǎk
Kesaranta=Kesäranta
Klymene=Klymenê
Kohtla-Jarve=Kohtla-Järve
Kolsch=Kölsch
Konigsberg=Königsberg
Krakow=Kraków
Krklareli=Kırklareli
Krsna=Kṛṣṇa
Kulturtrager=Kulturträger
Kulturtragers=Kulturträgers
KUrdzhali=Kŭrdzhali
# Kxauein=ǂKxʼauǁʼein
Laadan=Láadan
La Nina=La Niña
Lebor Gabala Erenn=Lebor Gabála Érenn
Levi-Strauss=Lévi-Strauss
Levy flight=Lévy flight
Levy flights=Lévy flights
Levy glass=Lévy glass
Levy glasses=Lévy glasses
# Liege=Liège
limacon of Pascal=limaçon of Pascal
limacons of Pascal=limaçons of Pascal
Linkoping=Linköping
Loegaire the Victorious=Lóegaire the Victorious
Lomafanu=Lōmāfānu
Lome=Lomé
Lubeck=Lübeck
Lugaid mac Con Roi=Lugaid mac Con Roí
Luir Cheltchair=Luír Cheltchair
Lulea=Luleå
Macapa=Macapá
Maceio=Maceió
Mahe=Mahé
Maleku Jaika=Maléku Jaíka
Malko TUrnovo=Malko Tŭrnovo
Malmo=Malmö
# Maori=Māori
Maranhao=Maranhão
Meankieli=Meänkieli
# Merida=Mérida (possibly different lemmas)
Midi-Pyrenees=Midi-Pyrénées
Miguel Aleman=Miguel Alemán
Minie ball=Minié ball
Minie balls=Minié balls
Mjollnir=Mjöllnir
Mjolner=Mjölner
Mjolnir=Mjölnir
Mobius band=Möbius band
Mobius bands=Möbius bands
Mobius group=Möbius group
Mobius groups=Möbius groups
Mobius strip=Möbius strip
Mobius strips=Möbius strips
Mohorovicic discontinuity=Mohorovičić discontinuity
Moller-Barlow disease=Möller-Barlow disease
Monegasque=Monégasque
Morrigan=Mórrígan
Mossbauer effect=Mössbauer effect
Mudejares=Mudéjares
Mudejar=Mudéjar
Mullerian mimicry=Müllerian mimicry
Mullerian duct=Müllerian duct
Mullerian ducts=Müllerian ducts
#Munchausen syndrome=Münchausen syndrome
#Munster=Münster
Myrdalsjokull=Mýrdalsjökull
# Naga=Nāga
# Neuchatel=Neuchâtel (possibly different lemmas)
Nicoise salad=Niçoise salad
Nivose=Nivôse
Noumea=Nouméa
Nuevo Leon=Nuevo León
Nurburgring=Nürburgring
Oland=Öland
Orebro=Örebro
Pais Vasco=País Vasco
Paraiba=Paraíba
Parana=Paraná
# Para=Pará
Parnu=Pärnu
Parti Quebecois=Parti Québécois
Pere David's deer=Père David's deer
Piaui=Piauí
Pieta=Pietà
Pimenton de La Vera=Pimentón de La Vera
Pluviose=Pluviôse
Poincare conjecture=Poincaré conjecture
Popayan=Popayán
Popocatepetl=Popocatépetl
Pristina=Priština
# Provencal=Provençal (possibly different lemmas)
# Provence-Alpes-Cote d'Azur-Corse=Provence-Alpes-Côte d'Azur-Corse
Provence-Alpes-Cote d'Azur=Provence-Alpes-Côte d'Azur
# Qhoa=ǂQhôã
Qualitatswein=Qualitätswein
# Quebecois=Québecois
Quebecois=Québécois
#Quiche=Quiché
Ragnarok=Ragnarök
Rahu=Rāhu
Reaumur=Réaumur
# Renee=Renée
Reykjavik=Reykjavík
# Rgveda=Ṛgveda
# Rg Veda=Ṛg Veda
# Rgvedic=Ṛgvedic
Rhone-Alpes=Rhône-Alpes
Rigspula=Rígsþula
Romanico=Románico
Rondonia=Rondônia
# Rose wine=Rosé wine Found by lower-case term
#RTE=RTÉ
Salon des Refuses=Salon des Refusés
#Sanchez=Sánchez
#San Jose=San José
San Luis Potosi=San Luis Potosí
San Sebastian=San Sebastián
#Santa Fe=Santa Fé
Sao Luis=São Luís
Sao Paulo=São Paulo
Sao Goncalo=São Gonçalo
Sao Joao=São João
Sao Jose=São José
Sao Bernardo=São Bernardo
Sao Tome and Principe=São Tomé and Príncipe
Sao Tome=São Tomé
Santo Andre=Santo André
Sarande=Sarandë
Savitr=Savitṛ
Scathach=Scáthach
Schrodinger's cat=Schrödinger's cat
Schrodinger's cats=Schrödinger's cats
Schrodinger's kitten=Schrödinger's kitten
Schrodinger's kittens=Schrödinger's kittens
Schrodinger's wave equation=Schrödinger's wave equation
Schrodinger wave function=Schrödinger wave function
Schrodinger wave function=Schrödinger wave functions
Semillon=Sémillon
Sessrumnir=Sessrúmnir
Siddhartha Gautama=Siddhārtha Gautama
Sinn Fein=Sinn Féin
Skirnismal=Skírnismál
Spatlese=Spätlese
Spatlesen=Spätlesen
Sprachgefuhl=Sprachgefühl
Stokavian=Štokavian
# Sutra=Sūtra
Svipdagsmal=Svipdagsmál
Tain Bo Cuailnge=Táin Bó Cúailnge
Tanaiste=Tánaiste
Tepelene=Tepelenë
# Thira=Thíra
Timisoara=Timişoara
tio de Nadal=tió de Nadal
Tres Lagoas=Três Lagoas
Tuatha De Danann=Tuatha Dé Danann
Tubingen=Tübingen
Tupi-Guarani=Tupi-Guaraní
Tupinamba=Tupinambá
Ubermensch=Übermensch
Ubermenschen=Übermenschen
Umea=Umeå
Vafpruonismal=Vafþrúðnismál
Vanern=Vänern
Vayu=Vāyu
Veliko Tarnovo=Veliko Tărnovo
Vendee=Vendée
Vendemiaire=Vendémiaire
Ventose=Ventôse
#Ve=Vé
# Vitoria=Vitória https://en.wiktionary.org/wiki/vitoria
Vitre=Vitré
Volapuk=Volapük
Volundarkvioa=Völundarkviða
Voluspa hin skamma=Völuspá hin skamma
Voluspa=Völuspá
Von Karman vortex street=Von Kármán vortex street
Von Karman vortex streets=Von Kármán vortex streets
Voro=Võro
Wroclaw=Wrocław
Wurzburg=Würzburg
Yanomamo=Yanomamö
Yaounde=Yaoundé
yerba mate=yerba maté
Yerba mate=Yerba maté
Yucatan=Yucatán
Zaparo=Záparo
Zinacantan=Zinacantán
# Zoophyta=Zoöphyta
# Zuni=Zuñi  (old name)
# Zurich=Zürich
Zweihander=Zweihänder
Zweihanders=Zweihänders
Hofbrauhaus=Hofbräuhaus
Ile-de-France=Île-de-France
Ile de France=Île-de-France
Auvergne-Rhone-Alpes=Auvergne-Rhône-Alpes
Auvergne Rhone Alpes=Auvergne-Rhône-Alpes
Saint Etienne=Saint Étienne
Saint-Etienne=Saint-Étienne
Champs-Elysees=Champs-Élysées
Champs Elysees=Champs-Élysées
Uberlandia=Uberlândia
Sao Vicente=São Vicente
Grande Armee=Grande Armée
Rio Maracana=Rio Maracanã
Maracana Stadium=Maracanã Stadium
Estadio Olimpico=Estádio Olímpico
Sao Pedro=São Pedro
Itau Unibanco=Itaú Unibanco
Itausa=Itaúsa
America Movil=América Móvil
Grupo Mexico=Grupo México
Atletico Madrid=Atlético Madrid
Deutsche Borse=Deutsche Börse
Shinzo Abe=Shinzō Abe
Julian Castro=Julián Castro
Visegrad=Visegrád
Lodz=Łódź
Skoda=Škoda
Keyser Soze=Keyser Söze
La Canada Flintridge=La Cañada Flintridge
Los Penasquitos=Los Peñasquitos
Dona Ana=Doña Ana
Jurgen Klopp=Jürgen Klopp
Gerhard Schroder=Gerhard Schröder
Hamburg Sud=Hamburg Süd
Santiago Bernabeu=Santiago Bernabéu
Atletico Mineiro=Atlético Mineiro
Mbappe=Mbappé
El Clasico=El Clásico
Wurttemberg=Württemberg
El Pais=El País
Saint Barthelemy=Saint Barthélemy
St Barthelemy=St Barthélemy
St. Barthelemy=St. Barthélemy
Padme Amidala=Padmé Amidala
Division del Norte=División del Norte
Frederic Chopin=Frédéric Chopin
Joachim Low=Joachim Löw
Khloe Kardashian=Khloé Kardashian
Hotel Ritz Paris=Hôtel Ritz Paris
Dennis Schroder=Dennis Schröder
Tokaido=Tōkaidō
Jose Marti=José Martí
Lancome=Lancôme
Nicolas Maduro=Nicolás Maduro
Erdos number=Erdős number
Erdos number=Erdős number
Paul Erdos=Paul Erdős
gluhwein=glühwein
gluhweins=glühweins
Medellin=Medellín
Atlantico Department=Atlántico Department
Salvador Dali=Salvador Dalí
Lamborghini Huracan=Lamborghini Huracán
Fenerbahce=Fenerbahçe
Louis Lumiere=Louis Lumière
Emily Bronte=Emily Brontë
Ibrahimovic=Ibrahimović
Soren Kierkegaard=Søren Kierkegaard
Rene Descartes=René Descartes
Penelope Cruz=Penélope Cruz
Jose Mourinho=José Mourinho
Luis Suarez=Luis Suárez
Gerard Pique=Gerard Piqué
Dembele=Dembélé
Bhagavan=Bhagavān
succes fou=succès fou
Vendee Globe=Vendée Globe
Credit Mobilier=Crédit Mobilier
Adams–Onis=Adams–Onís
Monchengladbach=Mönchengladbach
Orleans-Tours=Orléans-Tours
Rene Goscinny=René Goscinny
Sagrada Familia=Sagrada Família
Stefan Lofven=Stefan Löfven
Andres Manuel Lopez Obrador=Andrés Manuel López Obrador
Lopez Obrador=López Obrador
Ivan Duque=Iván Duque
Pokedex=Pokédex
Eugene Delacroix=Eugène Delacroix
Edouard Manet=Édouard Manet
Michael Pena=Michael Peña
Minh Mang=Minh Mạng
Minh Tuyet=Minh Tuyết
Thomas Muller=Thomas Müller
Saint Polten=Saint Pölten
Sankt Polten=Saint Pölten
Antoni Gaudi=Antoni Gaudí
Park Guell=Park Güell
Parc Guell=Parc Güell
Sagrada Familia Basilica=Sagrada Família Basilica
Bayern Munchen=Bayern München
Copa America=Copa América
Aland Islands=Åland Islands
Patrick Suskind=Patrick Süskind
Equipe Tricolore=Équipe Tricolore
Aleksander Ceferin=Aleksander Čeferin
Fete de la Musique=Fête de la Musique
Luka Modric=Luka Modrić
Ivan Perisic=Ivan Perišić
Mika Hakkinen=Mika Häkkinen
San Martin=San Martín
San Vicente de Canete=San Vicente de Cañete
Vina del Mar=Viña del Mar
Araucania=Araucanía
Penalolen=Peñalolén
Concepcion=Concepción
Tarapaca=Tarapacá
Diego Forlan=Diego Forlán
Skoda Enyaq=Škoda Enyaq
Skoda Octavia=Škoda Octavia
Skoda Superb=Škoda Superb
Tobias Lutke=Tobias Lütke
Super Lig=Süper Lig
Renee Zellweger=Renée Zellweger
Osanbashi Pier=Ōsanbashi Pier
Avalokitesvara=Avalokiteśvara
Kimi Raikkonen=Kimi Räikkönen
Guy Frequelin=Guy Fréquelin
Emile Meyerson=Émile Meyerson
Jean Chretien=Jean Chrétien
Melanie Joly=Mélanie Joly
Trophee Chopard=Trophée Chopard
Lea Seydoux=Léa Seydoux
Andrej Babis=Andrej Babiš
Milos Zeman=Miloš Zeman
John le Carre=John le Carré
Niccolo Machiavelli=Niccolò Machiavelli
Guantanamo=Guantánamo
Guantanamo Bay=Guantánamo Bay
Xavier Hernandez=Xavier Hernández
Andres Iniesta=Andrés Iniesta
Antonio Guterres=António Guterres
Engel & Volkers=Engel & Völkers
Matthias Schweighofer=Matthias Schweighöfer
Hermann Goring=Hermann Göring
Arthur Eichengrun=Arthur Eichengrün
Eric Zemmour=Éric Zemmour
Cap-Haitien=Cap-Haïtien
Cap Haitien=Cap-Haïtien
Gonaives=Gonaïves
Jose Carreras=José Carreras
Luka Doncic=Luka Dončić
Nikola Jokic=Nikola Jokić
Gerard Depardieu=Gérard Depardieu
Ozlem Tureci=Özlem Türeci
Ugur Sahin=Uğur Şahin
Niklas Ostberg=Niklas Östberg
Friedrich Wohler=Friedrich Wöhler
Louis de Funes=Louis de Funès
Graca Machel=Graça Machel
Renault Scenic=Renault Scénic
Renault Grand Scenic=Renault Grand Scénic
Francois Fillon=François Fillon
Francois Hollande=François Hollande
Francois Mitterrand=François Mitterrand
Porfirio Diaz=Porfirio Díaz
L'Equipe=L'Équipe
Arsene Wenger=Arsène Wenger
Fethullah Gulen=Fethullah Gülen
Sauli Niinisto=Sauli Niinistö
visa versa=vice versa
vica versa=vice versa
Zoe Kravitz=Zoë Kravitz
Thiago Alcantara=Thiago Alcântara
Holguin=Holguín
Ingrida Simonyte=Ingrida Šimonytė
Krisjanis Karins=Krišjānis Kariņš
Gaspar Noe=Gaspar Noé
Zuzana Caputova=Zuzana Čaputová
Janez Jansa=Janez Janša
Mevlut Cavusoglu=Mevlüt Çavuşoğlu
Real Betis Balompie=Real Betis Balompié
Primera Division=Primera División
Chloe Zhao=Chloé Zhao
Zoe Saldana=Zoe Saldaña
Dom Perignon=Dom Pérignon
Beyonce=Beyoncé
Jean-Luc Melenchon=Jean-Luc Mélenchon
Filip Kostic=Filip Kostić
Ousmane Dembele=Ousmane Dembélé
Marc-Andre ter Stegen=Marc-André ter Stegen
Urashima Taro=Urashima Tarō
Arturs Karins=Arturs Kariņš
Joao Gomes Cravinho=João Gomes Cravinho
Ton That Tung=Tôn Thất Tùng
Sadio Mane=Sadio Mané
Jean-Pierre Leaud=Jean-Pierre Léaud
Academie Francaise=Académie Française
Lothar Matthaus=Lothar Matthäus
Gerd Muller=Gerd Müller
Bjorn Borg=Björn Borg
Gutersloh=Gütersloh
Estee Lauder=Estée Lauder
Hoi An=Hội An
Yolanda Diaz=Yolanda Díaz
Emile Zola=Émile Zola
Es Vedra=Es Vedrà
Turkiye=Türkiye
Alvaro Uribe=Álvaro Uribe
Alvaro Uribe Velez=Álvaro Uribe Vélez
Lisandro Martinez=Lisandro Martínez
Ferenc Puskas=Ferenc Puskás
Tadej Pogacar=Tadej Pogačar
Primoz Roglic=Primož Roglič
Darwin Nunez=Darwin Núñez
Dusan Tadic=Dušan Tadić
Anton Piech=Anton Piëch
Ferdinand Piech=Ferdinand Piëch
Rene Benko=René Benko
Edin Terzic=Edin Terzić
Hernan Crespo=Hernán Crespo
Bjorn Gulden=Bjørn Gulden
von Weizsacker=von Weizsäcker
Mario Gotze=Mario Götze
San Andres=San Andrés
Telefonica Germany=Telefónica Germany
Antonio Rudiger=Antonio Rüdiger
Academie des sciences=Académie des sciences
Vinicius Junior=Vinícius Júnior
Vinicius Jr=Vinícius Jr
Angel Di Maria=Ángel Di María
Emiliano Martinez=Emiliano Martínez
Marcos Acuna=Marcos Acuña
Zurcher Geschnetzeltes=Zürcher Geschnetzeltes
Michael Buble=Michael Bublé
Andre Rieu=André Rieu
Musee du Louvre=Musée du Louvre
Nuri Sahin=Nuri Şahin
Ovidio Guzman=Ovidio Guzmán
Ovidio Guzman Lopez=Ovidio Guzmán López
Palacio do Planalto=Palácio do Planalto
Etienne Davignon=Étienne Davignon
Petroleo Brasileiro=Petróleo Brasileiro
Enzo Fernandez=Enzo Fernández
Segunda Division=Segunda División
Joao Cancelo=João Cancelo
Ruben Dias=Rúben Dias
Joao Felix=João Félix
Sandor Marai=Sándor Márai
Piotr Zielinski=Piotr Zieliński
Sigur Ros=Sigur Rós
Luiz Inacio Lula=Luiz Inácio Lula
Ikke Huftgold=Ikke Hüftgold
Joan Miro=Joan Miró
Maria Dolors Miro=Maria Dolors Miró
Credit Mutuel=Crédit Mutuel
Credit Mutuel Arkea=Crédit Mutuel Arkéa
Honore de Balzac=Honoré de Balzac
Julie Chavez Rodriguez=Julie Chávez Rodríguez
Santo Nino=Santo Niño
Jan Age Fjortoft=Jan Åge Fjørtoft
Sao Nicolau=São Nicolau
Kemal Kilicdaroglu=Kemal Kılıçdaroğlu
Kilicdaroglu=Kılıçdaroğlu
Isabel Díaz Ayuso=Isabel Diaz Ayuso
Diaz Ayuso=Díaz Ayuso
Cesc Fabregas=Cesc Fàbregas
Dassault Systemes=Dassault Systèmes
Praia da Vitoria=Praia da Vitória
Lech Walesa=Lech Wałęsa
Anze Kopitar=Anže Kopitar
Dusan Vlahovic=Dušan Vlahović
Gunter Grass=Günter Grass
Lech Kaczynski=Lech Kaczyński
Chisinau=Chișinău
Naby Keita=Naby Keïta
Thich Quang Duc=Thích Quảng Đức
Quang Duc=Quảng Đức
Daniel Kretinsky=Daniel Křetínský
Puy de Dome=Puy de Dôme
Itau BBA=Itaú BBA
Moet Hennessy Louis Vuitton=Moët Hennessy Louis Vuitton
Louis Vuitton Moet Hennessy=Louis Vuitton Moët Hennessy
Moet & Chandon=Moët & Chandon
Isabel Peron=Isabel Perón
Isabel Martinez de Peron=Isabel Martínez de Perón
Jose Lopez Rega=José López Rega
Alberto Nunez Feijoo=Alberto Núñez Feijóo
Nunez Feijoo=Núñez Feijóo
Leo Szilard=Leó Szilárd
Romeo Lavia=Roméo Lavia
Gerald Darmanin=Gérald Darmanin
cachaca=cachaça
Hugo Ekitike=Hugo Ekitiké
Goncalo Ramos=Gonçalo Ramos
Luka Jovic=Luka Jović
Hauck Aufhauser Lampe=Hauck Aufhäuser Lampe
Svetislav Pesic=Svetislav Pešić
Bogdan Bogdanovic=Bogdan Bogdanović
Stefan Jovic=Stefan Jović
Rudi Voller=Rudi Völler
Bastei Lubbe=Bastei Lübbe
Emmanuel Carrere=Emmanuel Carrère
Cem Ozdemir=Cem Özdemir
Alcantara=Alcántara
Anders Aslund=Anders Åslund
Mehmet Ali Agca=Mehmet Ali Ağca
Ali Agca=Ali Ağca
Katalin Kariko=Katalin Karikó
Lois Openda=Loïs Openda
Ataturk=Atatürk
Aitana Bonmati=Aitana Bonmatí
Rene Maurice Frechet=René Maurice Fréchet
Maurice Frechet=Maurice Fréchet
Jens Soring=Jens Söring
Alex Grimaldo=Álex Grimaldo
Antonin Dvorak=Antonín Dvořák
Sociedad Quimica=Sociedad Química
Rafael Borre=Rafael Borré
Ana Ivanovic=Ana Ivanović
Ibrahim-eren=İbrahim Eren
Nadia Calvino Santamaria=Nadia Calviño Santamaría
Nadia Calvino=Nadia Calviño
Belen Garijo=Belén Garijo
Francoise Bettencourt=Françoise Bettencourt
Francoise Bettencourt Meyers=Françoise Bettencourt Meyers
Benoit Mandelbrot=Benoît Mandelbrot
Benoit B. Mandelbrot=Benoît B. Mandelbrot
Arda Guler=Arda Güler
Stephane Sejourne=Stéphane Séjourné
Bernardo Arevalo=Bernardo Arévalo
Suwalki Gap=Suwałki Gap
Edouard Schure=Édouard Schuré
Chloe Grace Moretz=Chloë Grace Moretz
Iga Swiatek=Iga Świątek
Sebastien Lecornu=Sébastien Lecornu
Luis Montenegro=Luís Montenegro
Alfred Gislason=Alfreð Gíslason
Qarabag=Qarabağ
Qarabag Agdam=Qarabağ Ağdam
Benito Juarez=Benito Juárez
Adam Hlozek=Adam Hložek
Peter Magyar=Péter Magyar
Gitanas Nauseda=Gitanas Nausėda
Ekrem Imamoglu=Ekrem İmamoğlu
Ryoyu Kobayashi=Ryōyū Kobayashi
Planeta Corporacion=Planeta Corporación
Tadej Pogacar=Tadej Pogačar
Havana Club Anejo=Havana Club Añejo
Pere Lachaise=Père Lachaise
Jose Raul Mulino=José Raúl Mulino
Normalitzacio Linguistica=Normalització Lingüística
Canelo Alvarez=Canelo Álvarez
Le Meridien=Le Méridien
Raphael Glucksmann=Raphaël Glucksmann
Cesky Krumlov=Český Krumlov
Eric Ciotti=Éric Ciotti
Luis Figo=Luís Figo
Remy Cointreau=Rémy Cointreau
Antonio Costa=António Costa
Port de Pollenca=Port de Pollença
Ruben Vargas=Rubén Vargas
Hugo Ekitike=Hugo Ekitiké
Francois Bayrou=François Bayrou
Vincent Bollore=Vincent Bolloré
Lauren Sanchez=Lauren Sánchez
Calin Georgescu=Călin Georgescu
Alvaro Morata=Álvaro Morata
La Defense Arena=La Défense Arena
Hakan Calhanoglu=Hakan Çalhanoğlu
Raul Mulino=Raúl Mulino
