# See barbarisms-pt.txt
#
# © 2016–2022 Tiago F. Santos (tiagofsantos81@sapo.pt)
# © 2018–2022 Marco A.G.Pinto (www.marcoagpinto.com)
# © 2022 Ricardo Joseh Lima
#
app=aplicativo
apps=aplicativos
avant-première=pré-estreia
avant-premières=pré-estreias
avant-scène=proscênio
avant-scènes=proscênios
baby=bebê
babies=bebês
blackout=blecaute
blackouts=blecautes
bluff=blefe
bluffs=blefes
bouquet=ramo de flores|buquê
bouquets=ramos de flores|buquês
bowling=boliche
bowlings=boliches
brevet=brevê
brevets=brevês
buffet=bufê
buffets=bufês
bungalow=bangalô
bungalows=bangalôs
cabriolet=cabriolé
cabriolets=cabriolés
cachet=cachê
cachets=cachês
camping=acampamento
campings=acampamentos
check-in=registro de entrada|registro de embarque
check-ins=registros de entrada|registros de embarque
checkout=registro de saída
checkouts=registros de saídas
checkpoint=posto de controle
checkpoints=postos de controle
cheesecake=torta de queijo
cheesecakes=tortas de queijo
coupé=cupê
coupés=cupês
coupon=cupom
coupons=cupons
court=quadra de tênis
courts=quadras de tênis
crash=colapso súbito
crashs=colapsos súbitos
crochet=crochê
crochets=crochês
eau-de-toilette=água de colônia
eau-de-toilettes=águas de colônia
écran=tela
écrans=telas
édredon=edredom
édredons=edredons
fact checking=verificação de fatos
fait diver=notícia
fait divers=notícias
flashback=retrospectiva
flashbacks=retrospectivas
flirt=galanteio|flerte
flirts=galanteios|flertes
garçon=garçom
garçonne=garçonete
garçonnes=garçonetes
gilet=gilê
gilets=gilês
goal-average=diferença de gols
goal-averages=diferenças de gols
godet=godê
godets=godês
graffiti=grafite
graffitis=grafites
guichet=guichê
guichets=guichês
headphones=fones de ouvido
joker=curinga
jokers=curingas
live=ao vivo
live stream=transmissão ao vivo
live streams=transmissões ao vivo
live streaming=transmissão ao vivo
live streamings=transmissões ao vivo
maçon=maçom
maçons=maçons
make-up=maquiagem
make-ups=maquiagens
maquillage=maquiagem
maquillages=maquiagens
meeting=encontro|reunião
meetings=encontros|reuniões
mRNA=RNA mensageiro
mRNAs=RNAs mensageiros
naïf=ingênuo
naïfs=ingênuos
naïve=ingênuo
naïves=ingênuos
ozone=ozônio
ozones=ozônios
parking=estacionamento
parkings=estacionamentos
penalty=pênalti
penalties=pênaltis
pickpocket=trombadinha
pickpockets=trombadinhas
picnic=piquenique
picnics=piqueniques
poker=pôquer
pokers=pôqueres
portfolio=portifólio
portfolios=portifólios
poster=pôster|cartaz
posters=pôsteres|cartazes
punaise=pionês
punaises=pionês
rating=qualificação
ratings=qualificações
rent-a-car=aluguel de automóveis
rent-a-cars=alugueis de automóveis
rRNA=RNA ribossonal
rRNAs=RNAs ribossomais
sandwich=sanduíche
sandwichs=sanduíches
screensaver=protetor de tela
screensavers=protetores de tela
script=roteiro
scripts=roteiros
shampoo=xampu
shampoos=xampus
short=calção
shorts=calções
skin=cabeça raspada
skins=cabeças raspadas
skinhead=cabeça raspada
skinheads=cabeças raspadas
slang=gíria
slangs=gírias
soufflé=suflê
soufflés=suflês
spaghetti=espaguete
spaghettis=espaguetes
sport=esporte
sports=esportes
sportsman=esportista
sportsmans=esportistas
sportswear=roupa esportiva
sportswears=roupas esportivas
staff=equipe de trabalho
staffs=equipes de trabalho
status=estado
take-off=decolagem
take-offs=decolagens
task force=equipe de intervenção
task forces=equipes de intervenção
team=equipe
teams=equipes
toilette=banheiro
toilettes=banheiros
touch screen=tela com toque
trademark=marca registrada
tRNA=RNA transportador
tRNAs=RNAs transportadores
underwear=roupa íntima
underwears=roupas íntima
videowall=tela gigante
videowalls=telas gigantes
vinaigrette=vinagrete
vinaigrettes=vinagretes
volley=vôlei
volleys=vôleis
water-closet=banheiro
water-closets=banheiros
zip=compressão de arquivos
zips=compressão de arquivos
#
# E-MAIL(S) *START*
e-mail=endereço eletrônico|correio eletrônico|mensagem eletrônica
e-mails=endereços eletrônicos|correios eletrônicos|mensagens eletrônicas
email=endereço eletrônico|correio eletrônico|mensagem eletrônica
emails=endereços eletrônicos|correios eletrônicos|mensagens eletrônicas
mail=endereço eletrônico|correio eletrônico|mensagem eletrônica
mails=endereços eletrônicos|correios eletrônicos|mensagens eletrônicas
# E-MAIL(S) *END*
#
