# A part-of-speech dictionary that's used additionally to the binary dictionary (*.dict).
# This does not add words to the spell checker, see hunspell/spelling.txt for that.
# File Encoding: UTF-8
# Format: three tab-separated fields: fullform baseform postags
3XL	3XL	AQ0CN0
4XL	4XL	AQ0CN0
5XL	5XL	AQ0CN0
ALCA	ALCA	NPFSO00
Abancay	Abancay	NPCSG00
Abaí	Abaí	NPCSG00
Abejales	Abejales	NPCSG00
Acahay	Acahay	NPCSG00
Acarigua	Acarigua	NPCSG00
Aceval	Aceval	NPCSG00
Achacachi	Achacachi	NPCSG00
Achaguas	Achaguas	NPCSG00
Achocalla	Achocalla	NPCSG00
Aconquija	Aconquija	NPCSG00
Adriani	Adriani	NPCSG00
Aguaray	Aguaray	NPCSG00
Aguilares	Aguilares	NPCSG00
Aiquile	Aiquile	NPCSG00
Alamor	Alamor	NPCSG00
Alausí	Alausí	NPCSG00
Alberdi	Alberdi	NPCSG00
Alsina	Alsina	NPCSG00
Altagracia	Altagracia	NPCSG00
Aluminé	Aluminé	NPCSG00
Amambay	Amambay	NPCSG00
Ambato	Ambato	NPCSG00
Ancasti	Ancasti	NPCSG00
Andalgalá	Andalgalá	NPCSG00
Angol	Angol	NPCSG00
Animaná	Animaná	NPCSG00
Apa	Apa	NPCSG00
Apatzingán	Apatzingán	NPCSG00
Apizaco	Apizaco	NPCSG00
Apodaca	Apodaca	NPCSG00
Aragua	Aragua	NPCSG00
Araucanía	Araucanía	NPCSG00
Arauquita	Arauquita	NPCSG00
Araure	Araure	NPCSG00
Arbieto	Arbieto	NPCSG00
Archidona	Archidona	NPCSG00
Areguá	Areguá	NPCSG00
Arismendi	Arismendi	NPCSG00
Arizpe	Arizpe	NPCSG00
Arjona	Arjona	NPCSG00
Arroyito	Arroyito	NPCSG00
Arvelo	Arvelo	NPCSG00
Atacames	Atacames	NPCSG00
Atuntaqui	Atuntaqui	NPCSG00
Atyrá	Atyrá	NPCSG00
Ayaviri	Ayaviri	NPCSG00
Ayolas	Ayolas	NPCSG00
Aysén	Aysén	NPCSG00
Azotey	Azotey	NPCSG00
Azángaro	Azángaro	NPCSG00
Babahoyo	Babahoyo	NPCSG00
Bachaquero	Bachaquero	NPCSG00
Bado	Bado	NPCSG00
Bagua	Bagua	NPCSG00
Balao	Balao	NPCSG00
Balcarce	Balcarce	NPCSG00
Balvanera	Balvanera	NPCSG00
Balzar	Balzar	NPCSG00
Bambamarca	Bambamarca	NPCSG00
Baquerizo	Baquerizo	NPCSG00
Baralt	Baralt	NPCSG00
Baranoa	Baranoa	NPCSG00
Bariloche	Bariloche	NPCSG00
Barinas	Barinas	NPCSG00
Barinitas	Barinitas	NPCSG00
Barquisimeto	Barquisimeto	NPCSG00
Barreto	Barreto	NPCSG00
Baruta	Baruta	NPCSG00
Bejuma	Bejuma	NPCSG00
Berazategui	Berazategui	NPCSG00
Berisso	Berisso	NPCSG00
Bertoni	Bertoni	NPCSG00
Betijoque	Betijoque	NPCSG00
Biblián	Biblián	NPCSG00
Biobío	Biobío	NPCSG00
Biruaca	Biruaca	NPCSG00
Biscucuy	Biscucuy	NPCSG00
Blogger	Blogger	NPMSO00
Blogspot	Blogspot	NPMSO00
Bobures	Bobures	NPCSG00
Boconoito	Boconoito	NPCSG00
Boconó	Boconó	NPCSG00
Boedo	Boedo	NPCSG00
Bottrell	Bottrell	NPCSG00
Branco	Branco	NPCSG00
Briceño	Briceño	NPCSG00
Briseñas	Briseñas	NPCSG00
Brión	Brión	NPCSG00
Browning	Browning	NPCNSP0
Brownsville	Brownsville	NPCSG00
Bruguez	Bruguez	NPCSG00
Bruzual	Bruzual	NPCSG00
Buchivacoa	Buchivacoa	NPCSG00
Buin	Buin	NPCSG00
Bulnes	Bulnes	NPCSG00
Buroz	Buroz	NPCSG00
CID	CID	NCCN000
CIE	CIE	NCCN000
CUIT	CUIT	NCCN000
Caacupé	Caacupé	NPCSG00
Caaguazú	Caaguazú	NPCSG00
Caapucú	Caapucú	NPCSG00
Caazapá	Caazapá	NPCSG00
Cabimas	Cabimas	NPCSG00
Cabudare	Cabudare	NPCSG00
Cagua	Cagua	NPCSG00
Caguán	Caguán	NPCSG00
Caicara	Caicara	NPCSG00
Cajabamba	Cajabamba	NPCSG00
Cajeme	Cajeme	NPCSG00
Cajicá	Cajicá	NPCSG00
Calarcá	Calarcá	NPCSG00
Camaguán	Camaguán	NPCSG00
Camaná	Camaná	NPCSG00
Camatagua	Camatagua	NPCSG00
Cambyretá	Cambyretá	NPCSG00
Camejo	Camejo	NPCSG00
Camiri	Camiri	NPCSG00
Campari	Campari	NPCNO00
Canindeyú	Canindeyú	NPCSG00
Cantaura	Cantaura	NPCSG00
Capatárida	Capatárida	NPCSG00
Capiatá	Capiatá	NPCSG00
Capiibary	Capiibary	NPCSG00
Capinota	Capinota	NPCSG00
Capivara	Capivara	NPCSG00
Carabobo	Carabobo	NPCSG00
Caracciolo	Caracciolo	NPCSG00
Caracollo	Caracollo	NPCSG00
Caraguatay	Caraguatay	NPCSG00
Caranavi	Caranavi	NPCSG00
Carapeguá	Carapeguá	NPCSG00
Carayaó	Carayaó	NPCSG00
Caraz	Caraz	NPCSG00
Carbo	Carbo	NPCSG00
Carcarañá	Carcarañá	NPCSG00
Carepa	Carepa	NPCSG00
Cariaco	Cariaco	NPCSG00
Cariamanga	Cariamanga	NPCSG00
Caripe	Caripe	NPCSG00
Caripito	Caripito	NPCSG00
Carirubana	Carirubana	NPCSG00
Caroní	Caroní	NPCSG00
Carora	Carora	NPCSG00
Caroya	Caroya	NPCSG00
Caráquez	Caráquez	NPCSG00
Carúpano	Carúpano	NPCSG00
Casacoima	Casacoima	NPCSG00
Casanay	Casanay	NPCSG00
Casigua	Casigua	NPCSG00
Casma	Casma	NPCSG00
Castelar	Castelar	NPCSG00
Catacaos	Catacaos	NPCSG00
Catacocha	Catacocha	NPCSG00
Catamarca	Catamarca	NPCSG00
Catamayo	Catamayo	NPCSG00
Catarama	Catarama	NPCSG00
Catarina	Catarina	NPCSG00
Catatumbo	Catatumbo	NPCSG00
Caucagua	Caucagua	NPCSG00
Caucasia	Caucasia	NPCSG00
Cauquenes	Cauquenes	NPCSG00
Cayambe	Cayambe	NPCSG00
Cañete	Cañete	NPCSG00
Cañy	Cañy	NPCSG00
Cedrales	Cedrales	NPCSG00
Celendín	Celendín	NPCSG00
Celica	Celica	NPCSG00
Cereté	Cereté	NPCSG00
Cerrito	Cerrito	NPCSG00
Cevallos	Cevallos	NPCSG00
Chabasquén	Chabasquén	NPCSG00
Chacabuco	Chacabuco	NPCSG00
Chacao	Chacao	NPCSG00
Chacarita	Chacarita	NPCSG00
Chachapoyas	Chachapoyas	NPCSG00
Chalco	Chalco	NPCSG00
Challapata	Challapata	NPCSG00
Chambo	Chambo	NPCSG00
Charallave	Charallave	NPCSG00
Chascomús	Chascomús	NPCSG00
Chejendé	Chejendé	NPCSG00
Chepén	Chepén	NPCSG00
Chetumal	Chetumal	NPCSG00
Chichiriviche	Chichiriviche	NPCSG00
Chicoloapan	Chicoloapan	NPCSG00
Chigorodó	Chigorodó	NPCSG00
Chilecito	Chilecito	NPCSG00
Chillanes	Chillanes	NPCSG00
Chillán	Chillán	NPCSG00
Chimalhuacán	Chimalhuacán	NPCSG00
Chimoré	Chimoré	NPCSG00
Chinchiná	Chinchiná	NPCSG00
Chiquinquirá	Chiquinquirá	NPCSG00
Chivacoa	Chivacoa	NPCSG00
Chivilcoy	Chivilcoy	NPCSG00
Cholula	Cholula	NPCSG00
Chone	Chone	NPCSG00
Chordeleg	Chordeleg	NPCSG00
Choré	Choré	NPCSG00
Christi	Christi	NPCSG00
Chulucanas	Chulucanas	NPCSG00
Chunchi	Chunchi	NPCSG00
Churuguara	Churuguara	NPCSG00
Chuy	Chuy	NPCSG00
Cipolletti	Cipolletti	NPCSG00
Cliza	Cliza	NPCSG00
Coacalco	Coacalco	NPCSG00
Cocorote	Cocorote	NPCSG00
Codazzi	Codazzi	NPCNSP0
Coghlan	Coghlan	NPCSG00
Cojedes	Cojedes	NPCSG00
Colcapirhua	Colcapirhua	NPCSG00
Coloncito	Coloncito	NPCSG00
Colquiri	Colquiri	NPCSG00
Comarapa	Comarapa	NPCSG00
Comitán	Comitán	NPCSG00
Copacabana	Copacabana	NPCSG00
Coquimbo	Coquimbo	NPCSG00
Coracora	Coracora	NPCSG00
Corá	Corá	NPCSG00
Cosquín	Cosquín	NPCSG00
Cotacachi	Cotacachi	NPCSG00
Cotoca	Cotoca	NPCSG00
Covarrubias	Covarrubias	NPCSG00
Coyhaique	Coyhaique	NPCSG00
Cumanacoa	Cumanacoa	NPCSG00
Cumandá	Cumandá	NPCSG00
Cumaná	Cumaná	NPCSG00
Cumarebo	Cumarebo	NPCSG00
Cumaribo	Cumaribo	NPCSG00
Curiapo	Curiapo	NPCSG00
Curicó	Curicó	NPCSG00
Curuguaty	Curuguaty	NPCSG00
Curupaity	Curupaity	NPCSG00
Cutervo	Cutervo	NPCSG00
Cuá	Cuá	NPCSG00
Cúa	Cúa	NPCSG00
Cúcuta	Cúcuta	NPCSG00
Cúpira	Cúpira	NPCSG00
Dabajuro	Dabajuro	NPCSG00
Daule	Daule	NPCSG00
Dosquebradas	Dosquebradas	NPCSG00
Duaca	Duaca	NPCSG00
Duitama	Duitama	NPCSG00
EasyFly	EasyFly	NPCNO00
Ecatepec	Ecatepec	NPCSG00
Echeandía	Echeandía	NPCSG00
Edelira	Edelira	NPCSG00
Edelvives	Edelvives	NPCNSP0
Elizalde	Elizalde	NPCSG00
Elizardo	Elizardo	NPCSG00
Elorza	Elorza	NPCSG00
Escuque	Escuque	NPCSG00
Esquel	Esquel	NPCSG00
Esteller	Esteller	NPCSG00
Estigarribia	Estigarribia	NPCSG00
Ezeiza	Ezeiza	NPCSG00
FIDE	FIDE	NPFSO00
FP	FP	NCCN000
Facatativá	Facatativá	NPCSG00
Famatina	Famatina	NPCSG00
Farriar	Farriar	NPCSG00
Fassardi	Fassardi	NPCSG00
Febres	Febres	NPCSG00
Ferreñafe	Ferreñafe	NPCSG00
Fotolog	Fotolog	NPMSO00
Fram	Fram	NPCSG00
Freites	Freites	NPCSG00
Funza	Funza	NPCSG00
Fusagasugá	Fusagasugá	NPCSG00
GAFAM	GAFAM	NPFPO00
Gaiman	Gaiman	NPCSG00
Galapa	Galapa	NPCSG00
Gancedo	Gancedo	NPCSG00
Georgias	Georgias	NPCSG00
Germania	Germania	NPCSG00
Girardot	Girardot	NPCSG00
Girardota	Girardota	NPCSG00
Guacara	Guacara	NPCSG00
Guaicaipuro	Guaicaipuro	NPCSG00
Guairá	Guairá	NPCSG00
Gual	Gual	NPCSG00
Gualaceo	Gualaceo	NPCSG00
Gualaquiza	Gualaquiza	NPCSG00
Gualeguay	Gualeguay	NPCSG00
Gualeguaychú	Gualeguaychú	NPCSG00
Guaminí	Guaminí	NPCSG00
Guamote	Guamote	NPCSG00
Guanare	Guanare	NPCSG00
Guanarito	Guanarito	NPCSG00
Guanipa	Guanipa	NPCSG00
Guarambaré	Guarambaré	NPCSG00
Guaranda	Guaranda	NPCSG00
Guarenas	Guarenas	NPCSG00
Guasave	Guasave	NPCSG00
Guasdualito	Guasdualito	NPCSG00
Guasipati	Guasipati	NPCSG00
Guatire	Guatire	NPCSG00
Guaviare	Guaviare	NPCSG00
Guayaibí	Guayaibí	NPCSG00
Guayaramerín	Guayaramerín	NPCSG00
Guaymallén	Guaymallén	NPCSG00
Guaymas	Guaymas	NPCSG00
Guazú	Guazú	NPCSG00
Guichón	Guichón	NPCSG00
Guárico	Guárico	NPCSG00
Güemes	Güemes	NPCSG00
Güigüe	Güigüe	NPCSG00
Güiria	Güiria	NPCSG00
Hayes	Hayes	NPCSG00
Hernandarias	Hernandarias	NPCSG00
Hevia	Hevia	NPCSG00
Hohenau	Hohenau	NPCSG00
Houellebecq	Houellebecq	NPCNSP0
Huamachuco	Huamachuco	NPCSG00
Huanchaco	Huanchaco	NPCSG00
Huanta	Huanta	NPCSG00
Huanuni	Huanuni	NPCSG00
Huaquillas	Huaquillas	NPCSG00
Huaraz	Huaraz	NPCSG00
Huarmey	Huarmey	NPCSG00
Humaitá	Humaitá	NPCSG00
Hurlingham	Hurlingham	NPCSG00
IAG	IAG	NPCNO00
Ibirico	Ibirico	NPCSG00
Ica	Ica	NPCSG00
Iguazú	Iguazú	NPCSG00
Ilave	Ilave	NPCSG00
Ilo	Ilo	NPCSG00
Imataca	Imataca	NPCSG00
Ipiales	Ipiales	NPCSG00
Iquique	Iquique	NPCSG00
Iquitos	Iquitos	NPCSG00
Iragorry	Iragorry	NPCSG00
Irala	Irala	NPCSG00
Irapa	Irapa	NPCSG00
Iribarren	Iribarren	NPCSG00
Iruña	Iruña	NPCSG00
Itacurubí	Itacurubí	NPCSG00
Itagüí	Itagüí	NPCSG00
Itakyry	Itakyry	NPCSG00
Itanará	Itanará	NPCSG00
Itapé	Itapé	NPCSG00
Itapúa	Itapúa	NPCSG00
Itatí	Itatí	NPCSG00
Itauguá	Itauguá	NPCSG00
Iturbe	Iturbe	NPCSG00
Iturriza	Iturriza	NPCSG00
Ituzaingó	Ituzaingó	NPCSG00
Itá	Itá	NPCSG00
Ivirgarzama	Ivirgarzama	NPCSG00
Izcalli	Izcalli	NPCSG00
Jacona	Jacona	NPCSG00
Jamundí	Jamundí	NPCSG00
Jaramijó	Jaramijó	NPCSG00
Jiutepec	Jiutepec	NPCSG00
Josecito	Josecito	NPCSG00
Jovita	Jovita	NPCSG00
Juanjuí	Juanjuí	NPCSG00
Jujan	Jujan	NPCSG00
Jujuy	Jujuy	NPCSG00
Juliaca	Juliaca	NPCSG00
Junín	Junín	NPCSG00
Jáuregui	Jáuregui	NPCSG00
Kanasín	Kanasín	NPCSG00
Karapaí	Karapaí	NPCSG00
Katueté	Katueté	NPCSG00
Lacaze	Lacaze	NPCSG00
Lagunillas	Lagunillas	NPCSG00
Lahuachaca	Lahuachaca	NPCSG00
Lambaré	Lambaré	NPCSG00
Lambayeque	Lambayeque	NPCSG00
Lander	Lander	NPCSG00
Lanús	Lanús	NPCSG00
Lascano	Lascano	NPCSG00
Latacunga	Latacunga	NPCSG00
Lavalle	Lavalle	NPCSG00
Lavalleja	Lavalleja	NPCSG00
Leary	Leary	NPCSG00
Leonidas	Leonidas	NPCSG00
Lezama	Lezama	NPCSG00
Limache	Limache	NPCSG00
Llallagua	Llallagua	NPCSG00
Loja	Loja	NPCSG00
Loreto	Loreto	NPCSG00
Loreto	Loreto	NPCSSP0
Lorica	Lorica	NPCSG00
Lossada	Lossada	NPCSG00
Lugones	Lugones	NPCSG00
Luján	Luján	NPCSG00
Lumbaqui	Lumbaqui	NPCSG00
Luque	Luque	NPCSG00
Macanao	Macanao	NPCSG00
Machachi	Machachi	NPCSG00
Machiques	Machiques	NPCSG00
Maciel	Maciel	NPCSG00
Madryn	Madryn	NPCSG00
Magangué	Magangué	NPCSG00
Maicao	Maicao	NPCSG00
Maimará	Maimará	NPCSG00
Maipú	Maipú	NPCSG00
Mairana	Mairana	NPCSG00
Malargüe	Malargüe	NPCSG00
Mamporal	Mamporal	NPCSG00
Manabí	Manabí	NPCSG00
Manaure	Manaure	NPCSG00
Maneiro	Maneiro	NPCSG00
Maracay	Maracay	NPCSG00
Marcabelí	Marcabelí	NPCSG00
Marcano	Marcano	NPCSG00
Mariara	Mariara	NPCSG00
Maridueña	Maridueña	NPCSG00
Marigüitar	Marigüitar	NPCSG00
Marinilla	Marinilla	NPCSG00
Maripa	Maripa	NPCSG00
Mateos	Mateos	NPCSG00
Maturín	Maturín	NPCSG00
Maule	Maule	NPCSG00
Mauroa	Mauroa	NPCSG00
Mbaracayú	Mbaracayú	NPCSG00
Mbocayaty	Mbocayaty	NPCSG00
Mburucuyá	Mburucuyá	NPCSG00
Mbutuy	Mbutuy	NPCSG00
Mbuyapey	Mbuyapey	NPCSG00
Melipilla	Melipilla	NPCSG00
Melo	Melo	NPCSG00
Mendeléyev	Mendeléyev	NPCNO00
Meoqui	Meoqui	NPCSG00
Mexicali	Mexicali	NPCSG00
Michelena	Michelena	NPCSG00
Minatitlán	Minatitlán	NPCSG00
Mocache	Mocache	NPCSG00
Mochis	Mochis	NPCSG00
Mocoa	Mocoa	NPCSG00
Mocoretá	Mocoretá	NPCSG00
Moján	Moján	NPCSG00
Mollendo	Mollendo	NPCSG00
Monagas	Monagas	NPCSG00
Monclova	Monclova	NPCSG00
Monday	Monday	NPCSG00
Monsefú	Monsefú	NPCSG00
Monteagudo	Monteagudo	NPCSG00
Montecristi	Montecristi	NPCSG00
Montelíbano	Montelíbano	NPCSG00
Moroleón	Moroleón	NPCSG00
Morínigo	Morínigo	NPCSG00
Motatán	Motatán	NPCSG00
Moxos	Moxos	NPCSG00
Moyobamba	Moyobamba	NPCSG00
Mucuchíes	Mucuchíes	NPCSG00
Muisne	Muisne	NPCSG00
Naguanagua	Naguanagua	NPCSG00
Nanawa	Nanawa	NPCSG00
Naranjito	Naranjito	NPCSG00
Navojoa	Navojoa	NPCSG00
Necochea	Necochea	NPCSG00
Neiva	Neiva	NPCSG00
Nirgua	Nirgua	NPCSG00
Nobol	Nobol	NPCSG00
Nogoyá	Nogoyá	NPCSG00
Oberá	Oberá	NPCSG00
Ocampos	Ocampos	NPCSG00
Ocotlán	Ocotlán	NPCSG00
Ocumare	Ocumare	NPCSG00
Olavarría	Olavarría	NPCSG00
Orituco	Orituco	NPCSG00
Orizaba	Orizaba	NPCSG00
Ortúzar	Ortúzar	NPCSG00
Oruro	Oruro	NPCSG00
Osorno	Osorno	NPCSG00
Ospino	Ospino	NPCSG00
Otavalo	Otavalo	NPCSG00
Otaño	Otaño	NPCSG00
Ovalle	Ovalle	NPCSG00
Oxapampa	Oxapampa	NPCSG00
Pacasmayo	Pacasmayo	NPCSG00
Paine	Paine	NPCSG00
Paita	Paita	NPCSG00
Paján	Paján	NPCSG00
Palavecino	Palavecino	NPCSG00
Pallatanga	Pallatanga	NPCSG00
Palora	Palora	NPCSG00
Palpalá	Palpalá	NPCSG00
Pampanito	Pampanito	NPCSG00
Pampatar	Pampatar	NPCSG00
Pampán	Pampán	NPCSG00
Pancholo	Pancholo	NPCSG00
Pandoja	Pandoja	NPCSG00
Pangui	Pangui	NPCSG00
Pao	Pao	NPCSG00
Paraguachí	Paraguachí	NPCSG00
Paraguarí	Paraguarí	NPCSG00
Paramonga	Paramonga	NPCSG00
Pariaguán	Pariaguán	NPCSG00
Parinacota	Parinacota	NPCSG00
Pasco	Pasco	NPCSG00
Patacamaya	Patacamaya	NPCSG00
Patate	Patate	NPCSG00
Payara	Payara	NPCSG00
Paysandú	Paysandú	NPCSG00
Pehuajó	Pehuajó	NPCSG00
Pelileo	Pelileo	NPCSG00
Perijá	Perijá	NPCSG00
Peñaflor	Peñaflor	NPCSG00
Peñalver	Peñalver	NPCSG00
Pichanaqui	Pichanaqui	NPCSG00
Piedecuesta	Piedecuesta	NPCSG00
Pimampiro	Pimampiro	NPCSG00
Pinasco	Pinasco	NPCSG00
Pirané	Pirané	NPCSG00
Pirapó	Pirapó	NPCSG00
Pirayú	Pirayú	NPCSG00
Piribebuy	Piribebuy	NPCSG00
Piriápolis	Piriápolis	NPCSG00
Pitalito	Pitalito	NPCSG00
Plottier	Plottier	NPCSG00
Porco	Porco	NPCSG00
Porlamar	Porlamar	NPCSG00
Portovelo	Portovelo	NPCSG00
Portoviejo	Portoviejo	NPCSG00
Porá	Porá	NPCSG00
Poty	Poty	NPCSG00
Pucallpa	Pucallpa	NPCSG00
Pucú	Pucú	NPCSG00
Puebloviejo	Puebloviejo	NPCSG00
Pueyrredón	Pueyrredón	NPCSG00
Pujilí	Pujilí	NPCSG00
Punata	Punata	NPCSG00
Punceres	Punceres	NPCSG00
Punilla	Punilla	NPCSG00
Purmamarca	Purmamarca	NPCSG00
Puán	Puán	NPCSG00
Pytá	Pytá	NPCSG00
Pénjamo	Pénjamo	NPCSG00
Píllaro	Píllaro	NPCSG00
Píritu	Píritu	NPCSG00
Quequén	Quequén	NPCSG00
Quibdó	Quibdó	NPCSG00
Quibor	Quibor	NPCSG00
Quiindy	Quiindy	NPCSG00
Quijarro	Quijarro	NPCSG00
Quilichao	Quilichao	NPCSG00
Quillabamba	Quillabamba	NPCSG00
Quillacollo	Quillacollo	NPCSG00
Quilmes	Quilmes	NPCSG00
Quinsaloma	Quinsaloma	NPCSG00
Quiriquire	Quiriquire	NPCSG00
Quyquyhó	Quyquyhó	NPCSG00
RIF	RIF	NPMNO00
ROA	ROA	NCCN000
Rangel	Rangel	NPCSG00
Rawson	Rawson	NPCSG00
Resquín	Resquín	NPCSG00
Reynosa	Reynosa	NPCSG00
Riberalta	Riberalta	NPCSG00
Rif	Rif	NPMSG00
Riobamba	Riobamba	NPCSG00
Riohacha	Riohacha	NPCSG00
Rionegro	Rionegro	NPCSG00
Riosucio	Riosucio	NPCSG00
Rioverde	Rioverde	NPCSG00
Rocafuerte	Rocafuerte	NPCSG00
Rolling	Rolling	NPCNSP0
Rondón	Rondón	NPCSG00
Rosarito	Rosarito	NPCSG00
Roscio	Roscio	NPCSG00
Rurrenabaque	Rurrenabaque	NPCSG00
Sabanalarga	Sabanalarga	NPCSG00
Sahagún	Sahagún	NPCSG00
Sahuayo	Sahuayo	NPCSG00
Saldívar	Saldívar	NPCSG00
Salliquello	Salliquello	NPCSG00
Salliqueló	Salliqueló	NPCSG00
Samborondón	Samborondón	NPCSG00
Sangolquí	Sangolquí	NPCSG00
Sapucai	Sapucai	NPCSG00
Saquisilí	Saquisilí	NPCSG00
Saraguro	Saraguro	NPCSG00
Sarare	Sarare	NPCSG00
Saravena	Saravena	NPCSG00
Sargentillo	Sargentillo	NPCSG00
Satipo	Satipo	NPCSG00
Sechura	Sechura	NPCSG00
Semprún	Semprún	NPCSG00
Seregni	Seregni	NPCSG00
Shinahota	Shinahota	NPCSG00
Shushufindi	Shushufindi	NPCSG00
Sicuani	Sicuani	NPCSG00
Sifontes	Sifontes	NPCSG00
Simca	Simca	NPCNSP0
Sinamaica	Sinamaica	NPCSG00
Sincelejo	Sincelejo	NPCSG00
Siquisique	Siquisique	NPCSG00
Soacha	Soacha	NPCSG00
Socopó	Socopó	NPCSG00
Sogamoso	Sogamoso	NPCSG00
Soldati	Soldati	NPCSG00
Sotillo	Sotillo	NPCSG00
Spaski	Spaski	NPCNSP0
Sucúa	Sucúa	NPCSG00
Sullana	Sullana	NPCSG00
Sársfield	Sársfield	NPCSG00
Sígsig	Sígsig	NPCSG00
Tabacundo	Tabacundo	NPCSG00
Tacna	Tacna	NPCSG00
Tacuarembó	Tacuarembó	NPCSG00
Tacuatí	Tacuatí	NPCSG00
Talagante	Talagante	NPCSG00
Talara	Talara	NPCSG00
Talca	Talca	NPCSG00
Tandil	Tandil	NPCSG00
Tapachula	Tapachula	NPCSG00
Tapalqué	Tapalqué	NPCSG00
Tarapoto	Tarapoto	NPCSG00
Tarija	Tarija	NPCSG00
Tartagal	Tartagal	NPCSG00
Tavapy	Tavapy	NPCSG00
Tavaí	Tavaí	NPCSG00
Tebaida	Tebaida	NPFSG00
Tebicuary	Tebicuary	NPCSG00
Tebicuarymí	Tebicuarymí	NPCSG00
Tecomán	Tecomán	NPCSG00
Tehuacán	Tehuacán	NPCSG00
Tehuantepec	Tehuantepec	NPCSG00
Tembiaporá	Tembiaporá	NPCSG00
Temixco	Temixco	NPCSG00
Temuco	Temuco	NPCSG00
Tepexpan	Tepexpan	NPCSG00
Tepic	Tepic	NPCSG00
Teziutlán	Teziutlán	NPCSG00
Tianguistenco	Tianguistenco	NPCSG00
Tibú	Tibú	NPCSG00
Tierralta	Tierralta	NPCSG00
Tilcara	Tilcara	NPCSG00
Tinaquillo	Tinaquillo	NPCSG00
Tiquipaya	Tiquipaya	NPCSG00
Tlalnepantla	Tlalnepantla	NPCSG00
Tobatí	Tobatí	NPCSG00
Tocuyito	Tocuyito	NPCSG00
Tolhuin	Tolhuin	NPCSG00
Tonalá	Tonalá	NPCSG00
Torbes	Torbes	NPCSG00
Torrealba	Torrealba	NPCSG00
Tosagua	Tosagua	NPCSG00
Trelew	Trelew	NPCSG00
Trevelin	Trevelin	NPCSG00
Troche	Troche	NPCSG00
Tubores	Tubores	NPCSG00
Tucacas	Tucacas	NPCSG00
Tucaní	Tucaní	NPCSG00
Tuchín	Tuchín	NPCSG00
Tucupido	Tucupido	NPCSG00
Tucupita	Tucupita	NPCSG00
Tulacingo	Tulacingo	NPCSG00
Tulancingo	Tulancingo	NPCSG00
Tulcán	Tulcán	NPCSG00
Tuluá	Tuluá	NPCSG00
Tumaco	Tumaco	NPCSG00
Tumeremo	Tumeremo	NPCSG00
Tunuyán	Tunuyán	NPCSG00
Tupiza	Tupiza	NPCSG00
Turbaco	Turbaco	NPCSG00
Turmero	Turmero	NPCSG00
Turén	Turén	NPCSG00
Tuxtepec	Tuxtepec	NPCSG00
Tuxtla	Tuxtla	NPCSG00
Tuy	Tuy	NPCSG00
Táchira	Táchira	NPCSG00
Táriba	Táriba	NPCSG00
USA	USA	NPMPG00
Uairén	Uairén	NPCSG00
Uber	Uber	NPCNO00
Ucayali	Ucayali	NPCSG00
Umbú	Umbú	NPCSG00
Umtiti	Umtiti	NPCNSP0
Unda	Unda	NPCSG00
Upata	Upata	NPCSG00
Urachiche	Urachiche	NPCSG00
Urbaneja	Urbaneja	NPCSG00
Urcuquí	Urcuquí	NPCSG00
Urdaneta	Urdaneta	NPCSG00
Uriangato	Uriangato	NPCSG00
Uribia	Uribia	NPCSG00
Uruapan	Uruapan	NPCSG00
Ushuaia	Ushuaia	NPCSG00
Uyuni	Uyuni	NPCSG00
VTC	VTC	NCCN000
Vallarta	Vallarta	NPCSG00
Vallegrande	Vallegrande	NPCSG00
Vallenar	Vallenar	NPCSG00
Valmore	Valmore	NPCSG00
Veroes	Veroes	NPCSG00
Viacha	Viacha	NPCSG00
Viamonte	Viamonte	NPCSG00
Viboral	Viboral	NPCSG00
Viedma	Viedma	NPCSG00
Vilcashuamán	Vilcashuamán	NPCSG00
Villaguay	Villaguay	NPCSG00
Villahermosa	Villahermosa	NPCSG00
Villalbín	Villalbín	NPCSG00
Villamaría	Villamaría	NPCSG00
Villamil	Villamil	NPCSG00
Villarino	Villarino	NPCSG00
Villarrica	Villarrica	NPCSG00
Villazón	Villazón	NPCSG00
Villeta	Villeta	NPCSG00
Vinces	Vinces	NPCSG00
Vinto	Vinto	NPCSG00
Virasoro	Virasoro	NPCSG00
Virú	Virú	NPCSG00
Vogue	Vogue	NPCNO00
Warnes	Warnes	NPCSG00
XL	XL	AQ0CN0
XXL	XXL	AQ0CN0
XXXL	XXXL	AQ0CN0
Xalapa	Xalapa	NPCSG00
Xico	Xico	NPCSG00
Yabebyry	Yabebyry	NPCSG00
Yacuiba	Yacuiba	NPCSG00
Yacuma	Yacuma	NPCSG00
Yaguachi	Yaguachi	NPCSG00
Yaguaraparo	Yaguaraparo	NPCSG00
Yaguarón	Yaguarón	NPCSG00
Yantzaza	Yantzaza	NPCSG00
Yapacaní	Yapacaní	NPCSG00
Yapeyú	Yapeyú	NPCSG00
Yaracuy	Yaracuy	NPCSG00
Yaritagua	Yaritagua	NPCSG00
Yasy	Yasy	NPCSG00
Yataity	Yataity	NPCSG00
Yatytay	Yatytay	NPCSG00
Yaú	Yaú	NPCSG00
Yby	Yby	NPCSG00
Ybycuí	Ybycuí	NPCSG00
Ybyrarobaná	Ybyrarobaná	NPCSG00
Ybytymí	Ybytymí	NPCSG00
Ycuamandiyú	Ycuamandiyú	NPCSG00
Yegros	Yegros	NPCSG00
Ygatimí	Ygatimí	NPCSG00
Yguazú	Yguazú	NPCSG00
Yhaguy	Yhaguy	NPCSG00
Yhú	Yhú	NPCSG00
Yobái	Yobái	NPCSG00
Yopal	Yopal	NPCSG00
Ypacaraí	Ypacaraí	NPCSG00
Ypané	Ypané	NPCSG00
Ypejhú	Ypejhú	NPCSG00
Yrybucuá	Yrybucuá	NPCSG00
Yurimaguas	Yurimaguas	NPCSG00
Yuriria	Yuriria	NPCSG00
Yuty	Yuty	NPCSG00
Zapala	Zapala	NPCSG00
Zaruma	Zaruma	NPCSG00
Zarumilla	Zarumilla	NPCSG00
Zulia	Zulia	NPCSG00
Zumbi	Zumbi	NPCSG00
acoplable	acoplable	AQ0CS0
acoplables	acoplable	AQ0CP0
anacoreta	anacoreta	NCCS000
anacoretas	anacoreta	NCCP000
androide	androide	NCCS000
androides	androide	NCCP000
antidesinformación	antidesinformación	AQ0CN0
antihumanismo	antihumanismo	NCMS000
antihumanismos	antihumanismo	NCMP000
autodespido	autodespido	NCMS000
autodespidos	autodespido	NCMP000
autorreporte	autorreporte	NCMS000
autorreportes	autorreporte	NCMP000
baby-boomer	baby-boomer	NCCS000
baby-boomers	baby-boomer	NCCP000
bandana	bandana	NCFS000
bandanas	bandana	NCFP000
belarusa	belaruso	AQ0FS0
belarusa	belaruso	NCFS000
belarusas	belaruso	AQ0FP0
belarusas	belaruso	NCFP000
belaruso	belaruso	AQ0MS0
belaruso	belaruso	NCMS000
belarusos	belaruso	AQ0MP0
belarusos	belaruso	NCMP000
boomer	boomer	NCCS000
boomers	boomer	NCCP000
bosniaca	bosniaco	AQ0FS0
bosniaca	bosniaco	NCFS000
bosniacas	bosniaco	AQ0FP0
bosniacas	bosniaco	NCFP000
bosniaco	bosniaco	AQ0MS0
bosniaco	bosniaco	NCMS000
bosniacos	bosniaco	AQ0MP0
bosniacos	bosniaco	NCMP000
bosnio-herzegovina	bosnio-herzegovino	AQ0FS0
bosnio-herzegovinas	bosnio-herzegovino	AQ0FP0
bosnio-herzegovino	bosnio-herzegovino	AQ0MS0
bosnio-herzegovinos	bosnio-herzegovino	AQ0MP0
bosníaca	bosníaco	AQ0FS0
bosníaca	bosníaco	NCFS000
bosníacas	bosníaco	AQ0FP0
bosníacas	bosníaco	NCFP000
bosníaco	bosníaco	AQ0MS0
bosníaco	bosníaco	NCMS000
bosníacos	bosníaco	AQ0MP0
bosníacos	bosníaco	NCMP000
ceilandesa	ceilandés	AQ0FS0
ceilandesa	ceilandés	NCFS000
ceilandesas	ceilandés	AQ0FP0
ceilandesas	ceilandés	NCFP000
ceilandeses	ceilandés	AQ0MP0
ceilandeses	ceilandés	NCMP000
ceilandés	ceilandés	AQ0MS0
ceilandés	ceilandés	NCMS000
chance	chance	NCCS000
chances	chance	NCCP000
clínic	clínic	NCMS000
clínics	clínic	NCMP000
crepe	crepe	NCCS000
crepes	crepe	NCCP000
destaque	destaque	NCMS000
destaques	destaque	NCMP000
e-commerces	e-commerce	NCMP000
easyJet	easyJet	NPCNO00
electroestimulaciones	electroestimulación	NCFP000
electroestimulación	electroestimulación	NCFS000
esrilanquesa	esrilanqués	AQ0FS0
esrilanquesa	esrilanqués	NCFS000
esrilanquesas	esrilanqués	AQ0FP0
esrilanquesas	esrilanqués	NCFP000
esrilanqueses	esrilanqués	AQ0MP0
esrilanqueses	esrilanqués	NCMP000
esrilanqués	esrilanqués	AQ0MS0
esrilanqués	esrilanqués	NCMS000
facha	facha	AQ0CS0
fachas	facha	AQ0CP0
fallida	fallido	AQ0FS0
fallidas	fallido	AQ0FP0
fallido	fallido	AQ0MS0
fallidos	fallido	AQ0MP0
guinche	guinche	NCMS000
guinches	guinche	NCMP000
infoesfera	infoesfera	NCFS000
mariquita	mariquita	NCCS000
mariquitas	mariquita	NCCP000
miasma	miasma	NCCS000
miasmas	miasma	NCCP000
médico-asistencial	médico-asistencial	AQ0CS0
médico-asistenciales	médico-asistencial	AQ0CP0
médico-quirúrgica	médico-quirúrgico	AQ0FS0
médico-quirúrgicas	médico-quirúrgico	AQ0FP0
médico-quirúrgico	médico-quirúrgico	AQ0MS0
médico-quirúrgicos	médico-quirúrgico	AQ0MP0
namibiana	namibiano	AQ0FS0
namibianas	namibiano	AQ0FP0
namibiano	namibiano	AQ0MS0
namibianos	namibiano	AQ0MP0
performance	performance	NCCS000
performances	performance	NCCP000
portaagujas	portaagujas	NCMN000
postulanta	postulanta	NCFS000
postulantas	postulanta	NCFP000
postulante	postulante	AQ0CS0
postulante	postulante	NCCS000
postulantes	postulante	AQ0CP0
postulantes	postulante	NCCP000
problemita	problemita	NCMS000
problemitas	problemita	NCMP000
púgil	púgil	NCCS000
púgiles	púgil	NCCP000
quiebre	quiebre	NCMS000
quiebres	quiebre	NCMP000
racializaciones	racialización	NCFP000
racialización	racialización	NCFS000
racializada	racializado	AQ0FS0
racializadas	racializado	AQ0FP0
racializado	racializado	AQ0MS0
racializados	racializado	AQ0MP0
recluta	recluta	NCCS000
reclutas	recluta	NCCP000
recojo	recojo	NCMS000
recojos	recojo	NCMP000
revictimizaciones	revictimización	NCFP000
revictimización	revictimización	NCFS000
saltito	saltito	NCMS000
saltitos	saltito	NCMP000
singalesa	singalés	NCFS000
singalesas	singalés	NCFP000
singaleses	singalés	NCMP000
singalés	singalés	NCMS000
stablecoin	stablecoin	NCFS000
stablecoins	stablecoin	NCFP000
suborden	suborden	NCCS000
subservicio	subservicio	NCMS000
subservicios	subservicio	NCMP000
subórdenes	suborden	NCCP000
sursudanesa	sursudanés	AQ0FS0
sursudanesas	sursudanés	AQ0FP0
sursudaneses	sursudanés	AQ0MP0
sursudanés	sursudanés	AQ0MS0
temazo	temazo	NCMS000
temazos	temazo	NCMP000
tuvaluana	tuvaluano	AQ0FS0
tuvaluanas	tuvaluano	AQ0FP0
tuvaluano	tuvaluano	AQ0MS0
tuvaluanos	tuvaluano	AQ0MP0
wonton	wonton	AQ0CN0
Áncash	Áncash	NPCSG00
Ñacunday	Ñacunday	NPCSG00
Ñancay	Ñancay	NPCSG00
Ñeembucú	Ñeembucú	NPCSG00
Ñemby	Ñemby	NPCSG00
Ñuble	Ñuble	NPCSG00
Ñum	Ñum	NPCSG00
