contradecido=contradicho
desdel=desde el
ago=hago|algo
made=madre
Saez=Sáez
Ibañez=Ibáñez
Hernandez=Hernández
Nuñez=Núñez
Gomez=Gómez
Lopez=López
Fernandez=Fernández
Bermudez=Bermúdez
Rodriguez=Rodríguez
Sanchez=Sánchez
Martinez=Martínez
Perez|Pèrez=Pérez
Gonzalez=González
minerólogo|mineróloga=mineralogista
minerólogos|minerólogas=mineralogistas
revertió=revirtió
metereológico=meteorológico
metereológicos=meteorológicos
metereológica=meteorológica
metereológicas=meteorológicas
ña=la
encontre=encontré
queen=que en|Queen
eI=el|en
bulling|bullyng=bullying
Ibañez=Ibáñez
Hernandez=Hernández
Nuñez=Núñez
Gomez=Gómez
Fernandez=Fernández
Bermudez=Bermúdez
Rodriguez=Rodríguez
Sanchez=Sánchez
Martinez=Martínez
Perez|Pèrez=Pérez
Gonzalez=González
Hernandez=Hernández
segun=según
checkin=check-in|check in
checkins=check-ins|check ins
#checkout=check-out|check out
#checkouts=check-outs|check outs
lowcost=low-cost|low cost
jetlag=jet-lag|jet lag
jetlags=jet-lags|jet lags
desorbitante=desorbitado|desorbitada|exorbitante
desorbitantes=desorbitados|desorbitadas|exorbitantes
utillería=utilería|utillaje
através|atraves|atrabés|atrabes=a través
rascacielo=rascacielos
Panjab=Punyab
doloro=doloroso|dolor
apreta=aprieta|apretar|apretá|apresa
apretan=aprietan|apretar|aprestan|apresan
conciente=consciente|cociente|consiente
concientes=conscientes|cocientes
lásers=láseres
Hannoucah|Hanoukka|Hanuká|Hanukkah|Januka|Janukka|Khanucá|Januká=Janucá|Jánuca
distensionamiento=distensión
distensionamientos=distensiones
cualquieras=cualesquiera|cualquiera
convezca=convenza
convezcan=convenzan
malhumores=malos humores
Paquistán=Pakistán
cuantimás|contimás|contrimás=cuanto más
porel=por el|por él|pueril|Sorel
Kazajstán=Kazajistán
kazakhstano=kazajo
kazakhstanos=kazajos
kazakhstana=kazaja
kazakhstanas=kazajas
Moldova=Moldavia
moldovo=moldavo
moldova=moldava
moldovos=moldavos
moldovas=moldavas
hryvnia|hrivna|grivnia|jrivna|hryvna=grivna
crimeano=crimeo
crimeanos=crimeos
crimeana=crimea
crimeanas=crimeas
absurdez=absurdidad
houthi=hutí
houthis|houthís=hutís|hutíes
espúreo=espurio
espúreos=espurios
espúrea=espuria
espúreas=espurias
derrepente|derepente=de repente
Tigrai|Tigray=Tigré
COVID19=COVID-19
covid19=covid-19
erupto=eructo
#cassette=casete
#cassettes=casetes
interface=interfaz|interfase
cunclillas|cluquillas=cuclillas
#agusto=a gusto
cocreta=concreta|croqueta
cocretas=concretas|croquetas
vermouth=vermut|vermú
vermouths=vermuts|vermús
tambien=también|cambien
#shampoo=champú
alante=adelante
ostentóreo=estentóreo|ostentoso
ostentóreos=estentóreos|ostentosos
ostentórea=estentórea|ostentosa
ostentóreas=estentóreas|ostentosas
osea=o sea|ósea|posea|óseas
doberman|dóbermans|dóbermen|dobermen=dóberman
mecenaje=mecenazgo
micromecenaje=micromecenazgo
atraves=a través
fosfina=fosfano
ESTAN=ESTÁN
pej=p. ej.|pez
poliomelitis=poliomielitis
hos=os|los|dos|hoy|nos
degolla=degüella
degollas=degüellas
degollan=degüellan
degollo=degüello|degolló
degolle=degüelle
degolles=degüelles
degollen=degüellen
sanitización|desinfectación=desinfección
sanitizaciones|desinfectaciones=desinfecciones
estructuralización|estructurización=estructuración
estructuralizaciones|estructurizaciones=estructuraciones
sanitizante=desinfectante
sanitizantes=desinfectantes
mui=muy
preveyó=previó|proveyó
preveyeron=previeron|proveyeron
preveyendo=previendo|proveyendo
andó=anduvo
andé=anduve
andaste=anduviste
#andamos=anduvimos #can be present/past
andasteis=anduvisteis
andaron=anduvieron
logeo=logueo|inicio de sesión
logeos=logueos|inicios de sesión
CO2=CO₂
H2O=H₂O
sinocentrismo=chinocentrismo
catárquico=catártico
catárquicos=catárticos
catárquica=catártica
catárquicas=catárticas
rugerizado|rugerizada|rugerizados|rugerizadas=todoterreno|a prueba de golpes|resistente al agua
infectación=infección|infestación
infectaciones=infecciones|infestaciones
jerifalte=gerifalte
jerifaltes=gerifaltes
Yedda|Jeddah|Jeda=Yeda
provinente|proviniente=proveniente
provinentes|provinientes=provenientes
#RRHH=RR. HH.
imperecero=imperecedero
impereceros=imperecederos
imperecera=imperecedera
impereceras=imperecederas
almenos=al menos|almenas|a menos
antibacterial=antibacteriano|antibacteriana
antibacteriales=antibacterianos|antibacterianas
sanitizante=desinfectante
#yoghourt|yogourt|yoghurt|yogurt=yogur
yoghourts|yogourts|yoghurts|yogurts=yogures
similaridad=similitud
similaridades=similitudes
autoregulación=autorregulación
autoregulaciones=autorregulaciones
alenta=alienta
alentas=alientas
alentan=alientan
alente=aliente
alentes=alientes
alenten=alienten
alento=aliento|alentó
area=área
areas=áreas
zoom=zum|Zoom
zairense=zaireño|zaireña
zairenses=zaireños|zaireñas
boicó|boycott=boicot|boicoteo
boicós|boycotts=boicots|boicoteos
#click=clic
#clicks=clics
#prevent adding obvious mistakes to personal dictionary
bibliografia=bibliografía
despues=después
estan=están
encuenta=en cuenta
hobbie=hobby|hobbies
demas=demás
algun=algún
dia=día
dias=días
aqui=aquí
habia=había
informacion=información
estava=estaba
està=está
gustaria=gustaría
#################################################
# Errors in the dictionary 
# (can be removed after updating the dictionary)
#################################################
