# A part-of-speech dictionary that's used additionally to the binary dictionary (*.dict).
# This does not add words to the spell checker, see hunspell/spelling.txt for that.
# File Encoding: UTF-8
# Format: three tab-separated fields: fullform baseform postags
#from Freeling
#separatorRegExp=;
Balladur;Balladur;Z e sp
Vitreuil;Vitreuil; Z e sp
Winamax;Winamax; Z e sp
Belmont;Belmont; Z e sp
Chassagne;Chassagne; Z e sp
Chinon;Chinon; Z e sp
FN;FN; Z e sp
Hulot;Hulot; Z e sp
NCIS;NCIS; Z e sp
Palavas;Palavas; Z e sp
Ritz-Carlton;Ritz-Carlton; Z e sp
eco-friendly;eco-friendly; N e sp
Argelès-Gazost;Argelès-Gazost; Z e sp
russo-géorgien;russo-géorgien; J m s
médico-légals;médico-légals; J m p
russo-géorgienne;russo-géorgienne; J f s
Zelensky;Zelensky; Z e sp
Zemmour;Zemmour; Z e sp
Marioupol;Marioupol; Z e sp
Stromae;Stromae; Z e sp
écoresponsabilité;écoresponsabilité; Z e sp
cyberintimidation;cyberintimidation;Z e sp
TF;TF; S
Pépite;Pépite; Z m sp
WAIS;WAIS; S
FAI;FAI; S
BA;BA; S
AMI;AMI; S
QQ;QQ; Z e sp
Pâques;Pâques; Z f sp
persona;persona; N e sp
non;non; N m sp
Emma Award;Emma Award; Z m sp
moto club;moto club; N m s
moto clubs;moto club; N m p
CES;CES; S
coupe-frites;coupe-frites; N m sp
tire-lait;tire-lait;N m s
tire-laits;tire-lait;N m p
PRAP;PRAP; S
SU;SU; S
méta-analyse;méta-analyse; N f s
méta-analyses;méta-analyse; N f p
CBSG;CBSG; S
porte-à-porte;porte-à-porte; N m s
porte-bébé;porte-bébé;N m s
porte-bébés;porte-bébé;N m p
porte-à-faux;porte-à-faux;N m sp
porte-cellule;porte-cellule;N m s
porte-cellules;porte-cellule;N m p
porte-adresse;porte-adresse;N m s
porte-adresses;porte-adresse;N m p
porte-aiguillon;porte-aiguillon; N m sp
porte-autos;porte-autos;N m sp
porte-baguettes;porte-baguettes;N m sp
porte-cierge;porte-cierge;N m s
porte-cierges;porte-cierge;N m p
porte-chéquier;porte-chéquier;N m s
porte-chéquiers;porte-chéquier;N m p
porte-canon;porte-canon;N m s
porte-canons;porte-canon;N m p
porte-électrode;porte-électrode;N m s
porte-électrodes;porte-électrode;N m p
porte-écuelle;porte-écuelle;N m s
porte-écuelles;porte-écuelle;N m p
porte-cornette;porte-cornette;N m s
porte-cornettes;porte-cornette;N m p
porte-fût;porte-fût;N m s
porte-fûts;porte-fût;N m p
porte-fusible;porte-fusible;N m s
porte-fusibles;porte-fusible;N m p
porte-flambeau;porte-flambeau;N m s
porte-flambeaux;porte-flambeau;N m p
porte-éperon;porte-éperon;N m s
porte-éperons;porte-éperon;N m p
porte-graine;porte-graine;N m s
porte-graines;porte-graine;N m p
porte-habit;porte-habit;N m s
porte-habits;porte-habit;N m p
porte-mèche;porte-mèche;N m s
porte-mèches;porte-mèche; N m p
porte-musc;porte-musc;N m s
porte-muscs;porte-musc;N m p
porte-paquet;porte-paquet;N m s
porte-paquets;porte-paquet;N m p
porte-plat;porte-plat;N m s
porte-plats;porte-plat;N m p
porte-ticket;porte-ticket;N m s
porte-tickets;porte-ticket;N m p
porte-tolet;porte-tolet;N m s
porte-tolets;porte-tolet;N m p
bateau-porte;bateau-porte;N m s
bateaux-portes;bateau-porte;N m p
ferme-porte;ferme-porte;N m sp
avant-porte;avant-porte;N m s
avant-portes;avant-porte;N m p
cale-porte;cale-porte;N m s
cale-portes;cale-porte;N m p
bloc-porte;bloc-porte;N m s
blocs-portes;bloc-porte;N m p
street;street; N m sp
CROUS;CROUS; N m sp
Escape Game;Escape Game;N m s
Escape Games;Escape Game; N m p
CPI;CPI;N m s
CSP;CSP;N m s
IO;IO;S
MEG;MEG;S
CA;CA;N f sp
CADE;CADE;N f sp
CAN;CAN; N f sp
CNAM;CNAM;N f sp
Fox;Fox; N f sp
Greta;Greta; N m sp
Glock;Glock; N m sp
Stand Up;Stand Up;N m sp
PAL;PAL;N f sp
CES; CES;N m sp
DAEI;DAEI; N f sp
DAMSI;DAMSI;Z e sp
DAMS;DAMS;Z e sp
porte-hélices;porte-hélice;N m p
porte-hélice;porte-hélice;N m s
ferme-portes;ferme-porte;N m p
bloc-portes;bloc-portes;N m p
Abramovitch;Abramovitch;Z e sp
entre-deux-tours;entre-deux-tours; N m sp
CETEM;CETEM;N m sp
Fourcade;Fourcade;Z e sp
anti-tout;anti-tout;N e sp
monte-escaliers;monte-escaliers; N m sp
anti-cernes;anti-cernes;N m sp
Nexus;Nexus; Z f sp
chia;chia; N m s
chèvre;chèvre;N m s
RDV;RDV;N m sp
e-cigarette;e-cigarette; N f s
Amérique;Amérique; Z f sp
Aquitaine;Aquitaine;Z f sp
Fouquet;Fouquet;Z e sp
coupé-cousu;coupé-cousu;N m s
coupé-cousu;coupé-cousu;J m s
coupés-cousus;coupé-cousu;N m p
coupés-cousus;coupé-cousu;J m p
cou-coupé;cou-coupé;N m s
cous-coupés;cou-coupé;N m s
coupe-foin;coupe-foin;N m s
coupe-foins;coupe-foin;N m p
coupe-bande;coupe-bande;N m s
coupe-bandes;coupe-bande;N m p
coupe-queue;coupe-queue;N m s
coupe-queues;coupe-queue;N m p
coupe-œuf;coupe-œuf;N m s
coupe-œufs;coupe-œuf;N m p
double-rideau;double-rideau;N m s
doubles-rideaux;double-rideau;N m p
double bind;double bind;N m s
doubles binds;double bind;N m s
double-caponnière;double-caponnière;N f s
doubles-caponnières;double-caponnière;N f p
double-chœur;double-chœur;N m s
doubles-chœurs;double-chœur;N m p
double-corde;double-corde;N f s
doubles-cordes;double-corde;N f p
double-dé;double-dé;N m s
doubles-dés;double-dé;N m p
double-étoffe;double-étoffe;N f s
doubles-étoffes;double-étoffe;N f p
double-fenêtre;double-fenêtre;N f s
doubles-fenêtres;double-fenêtre;N f p
double-flux;double-flux;N m s
doubles-flux;double-flux;N m p
double-fond;double-fond;N m s
doubles-fonds;double-fond;N m p
double-mètre;double-mètre;N m s
doubles-mètres;double-mètre;N m p
double-page;double-page;N f s
doubles-pages;double-page; N f p
double-scull;double-scull;N m s
doubles-sculls;double-scull;N m p
double-toile;double-toile;N f s
doubles-toiles;double-toile;N f p
double-toit;double-toit;N m s
doubles-toits;double-toit;N m p
porte-carte;porte-carte;N m s
porte-cartes;porte-carte;N m p
porte-document;porte-document;N m s
porte-documents;porte-document;N m p
Vaultier;Vaultier;Z e sp
Worley;Worley;Z e sp
monte-meubles;monte-meubles;N m sp
Halloween;Halloween;Z e sp
Qweeby;Qweeby; Z e sp
Weekly;Weekly;Z e sp
pré-meeting;pré-meeting;N m s
pré-meetings;pré-meeting;N m p
post-meeting;post-meeting;N m s
post-meetings;post-meeting;N m p
EuropaCorp;EuropaCorp;Z e sp
Sam;Sam; Z f sp
Cohl;Cohl;Z e sp
éco-chèque;éco-chèque;N m s
éco-chèques;éco-chèque;N m p
primo-votant;primo-votant;N m s
primo-votante;primo-votant;N f s
primo-votantes;primo-votant;N f p
primo-votants;primo-votant;N m p
éco-gestes;éco-geste;N m p
éco-geste;éco-geste;N m s
Vaporub;Vaporub;Z e sp
Vico;Vico;Z e sp
Vicks;Vicks;Z e sp
susu;susu;S
CIC;CIC;Z m sp
flop;flop;N m s
flops;flop;N m p
Cic;Cic;S
XD;XD;S
souque;souque; N f s
souques;souque;N f p
ACTP;ACTP;S
AFGSU;AFGSU;S
AFPA;AFPA;S
AOTU;AOTU;S
APA;APA;S
APL;APL;S
APUL;APUL;S
ATIACL;ATIACL;S
BP;BP;S
CASF;CASF;S
CCAS;CCAS;S
CCEC;CCEC;S
CDA;CDA;S
CDI;CDI;S
CDCI;CDCI;S
CEF;CEF;S
CFL;CFL;S
CGCT;CGCT;S
CIADT;CIADT;S
CIAS;CIAS;S
CIF;CIF;S
CLIC;CLIC;S
CNFTP;CNFTP;S
CNRACL;CNRACL;S
CNSA;CNSA;S
CODERPA;CODERPA;S
COM;COM;S
CPS;CPS;S
CSA;CSA;S
CSG;CSG;S
CU;CU;S
DCTE;DCTE;S
DDEC;DDEC;S
DDR;DDR;S
DDU;DDU;S
DESL;DESL;S
DETR;DETR;S
DFM;DFM;S
Play;Play; Z e sp
Adjani;Adjani; Z e sp
Dion;Dion;Z e sp
Seastar;Seastar;Z e sp
Talkdesk;Talkdesk;Z e sp
TiSsi;TiSsi;Z e sp
LoopNet;LoopNet;Z e sp
GetRopoweb;GetRopoweb; Z e sp
OpenSea;OpenSea;Z e sp
NFT;NFT;Z e sp
Freenaute;Freenaute;N m s
Freenautes;Freenaute;N m p
multimarque;multimarque; J e sp
Eneba;Eneba;Z e sp
Fortnite;Fortnite;Z e sp
Minecraft;Minecraft;Z e sp
Annamie;Annamie; Z e sp
Belmondo;Belmondo;Z e sp
NPD;NPD;S
BO;BO;S
Cattier;Cattier;Z e sp
EPI;EPI; S
emailing;emailing;N m sp
ECT;ECT;S
ECTS;ECTS;S
FCFA;FCFA;S
PE;PE;S
IR;IR;S
BL;BL;S
Kbis;Kbis;Z e sp
Casselman;Casselman;Z e sp
DD;DD;Z e sp
DDHC;DDHC; S
Dion;Dion;Z e sp
Garcia;Garcia;Z e sp
Lovebox;Lovebox;Z e sp
copywriting;copywriting;N m sp
IM;IM;S
IDF;IDF;S
market;market;N m sp
AAA;AAA;S
Ads;Ads;N m sp
asso;asso;N m s
assos;asso;N m p
CMA;CMA;S
Duval;Duval;Z e sp
GEA;GEA;Z e sp
Tools;Tools;Z e sp
BB;BB;S
Cdt;Cdt;S
Insta;Insta;S
BPA;BPA;S
CVEC;CVEC;S
Gold;Gold;Z e sp
dev;dev;S
APA;APA;S
Boursorama;Boursorama;Z e sp
adj;adj;S
Ouellette;Ouellette;Z e sp
bi;bi;S
Dorenlot;Dorenlot;Z e sp
CERFA;CERFA;Z e sp
Photobox;Photobox;Z e sp
BIM;BIM;Z e sp
pass;pass;S
CSA;CSA;S
AGRIPPA;AGRIPPA;S
Duperrier;Duperrier;Z e sp
Dupontel;Dupontel;Z e sp
Lellouche;Lellouche;Z e sp
Gabin;Gabin;Z e sp
Delon;Delon;Z e sp
Auteuil;Auteuil;Z e sp
Lucchini;Lucchini;Z e sp
Dujardin;Dujardin;Z e sp
Depardieu;Depardieu;Z e sp
Reno;Reno;Z e sp
Cassel;Cassel;Z e sp
Baffie;Baffie;Z e sp
Nagui;Nagui;Z e sp
Hanouna;Hanouna;Z e sp
Poelvoorde;Poelvoorde;Z e sp
Chazal;Chazal;Z e sp
Mbappé;Mbappé;Z e sp
Chabal;Chabal;Z e sp
PLS;PLS; S
Villecresnes;Villecresnes;Z e sp
UFR;UFR; Z e sp
UEO;UEO; Z e sp
UCPA;UCPA;Z e sp
Ronsard;Ronsard; Z e sp
Pinel;Pinel; Z e sp
Lemercier;Lemercier;Z e sp
Frémont;Frémont;Z e sp
Fugain;Fugain; Z e sp
FAO;FAO; Z e sp
Cortez;Cortez;Z e sp
Ruquier;Ruquier;Z e sp
démousser;démousser; V inf
démoussé;démousser;V ppa m s
démoussée;démousser;V ppa f s
démoussés;démousser;V ppa m p
démoussées;démousser;V ppa f p
White;White; Z e sp
Wang;Wang;Z e sp
Xiao;Xiao;Z e sp
Woods;Woods;Z e sp
Stahl;Stahl; Z e sp
Sénac;Sénac; Z e sp
ROE;ROE;S
OSQ;OSQ;S
Badi;Badi; Z e sp
Zimmer;Zimmer; Z e sp
Yossef;Yossef; Z e sp
Werner;Werner; Z e sp
Ségur;Ségur;Z e sp
Solberg;Solberg; Z e sp
Savoy;Savoy;Z e sp
SMA;SMA;S
Rougé;Rougé;Z e sp
OUA;OUA;Z e sp
OIPR;OIPR;Z e sp
OCLTIC;OCLTIC;Z e sp
OCAM;OCAM;Z e sp
Matthis;Matthis; Z e sp
Lézignan;Lézignan; Z e sp
Leconte;Leconte; Z e sp
Honfleur;Honfleur; Z e sp
Ferrat;Ferrat;Z e sp
Cabrel;Cabrel; Z e sp
Brontë;Brontë; Z e sp
Bergman;Bergman; Z e sp
Atwood;Atwood; Z e sp
ARBS;ARBS;S
ASV;ASV;S
McDo;McDo;Z e sp
AgroSup;AgroSup; Z e sp
Bretton;Bretton; Z e sp
AstroNomades;AstroNomades; Z e sp
BlizzCon;BlizzCon; Z e sp
BloodRayne;BloodRayne; Z e sp
BlueMotion;BlueMotion;Z e sp
CouchSurfing;CouchSurfing;Z e sp
DayDream;DayDream; Z e sp
EvalPop;EvalPop; Z e sp
EyeLights;EyeLights; Z e sp
GlissAttitude;GlissAttitude; Z e sp
McAllen;McAllen;Z e sp
McAllister;McAllister;Z e sp
McArthur;McArthur;Z e sp
McBain;McBain; Z e sp
McBride;McBride;Z e sp
McCabe;McCabe; Z e sp
McCain;McCain;Z e sp
McCarthy;McCarthy; Z e sp
McClane;McClane; Z e sp
McDavid;McDavid; Z e sp
McCoy;McCoy;Z e sp
McDougal;McDougal;Z e sp
McGeever;McGeever;Z e sp
McGill;McGill;Z e sp
McGregor;McGregor;Z e sp
McGuire;McGuire;Z e sp
McKenzie;McKenzie;Z e sp
McMahon;McMahon; Z e sp
dildo;dildo;N m s
dildos;dildo;N m p
mochi;mochi;N m s
mochis;mochi;N m p
onigiri;onigiri; N m s
onigiris;onigiri; N m p
nori;nori;N m sp
pince-sans-rire;pince-sans-rire;J e sp
Bangladesh;Bangladesh;Z e sp
personnes-ressources;personnes-ressources;N f p
personne-ressource;personne-ressource;N f s
Jace;Jace;Z e sp
Jacron;Jacron;N m sp
Jaga;Jaga;Z e sp
Jipé;Jipé;S
Jonze;Jonze;Z e sp
Joyant;Joyant;Z e sp
Jégo;Jégo;Z e sp
Saint-Ambroix;Saint-Ambroix;Z e sp
St-Ambroix;St-Ambroix;S
Saint-Anthème;Saint-Anthème;Z e sp
St-Anthème;St-Anthème;S
Saint-Aygulf;Saint-Aygulf;Z e sp
St-Aygulf;St-Aygulf;S
Saint-Barth; Saint-Barth;Z e sp
St-Benin;St-Benin;S
Saint-Benin;Saint-Benin;Z e sp
St-Brieuc;St-Brieuc;S
Saint-Brieuc;Saint-Brieuc;Z e sp
St-Chamond;St-Chamond;S
Saint-Chamond;Saint-Chamond;Z e sp
Saint-Cyr;Saint-Cyr;Z e sp
St-Exupéry;St-Exupéry;S
St-Ferréol;St-Ferréol;Z e sp
Saint-Ferréol;Saint-Ferréol;Z e sp
Ste-Foy ;Ste-Foy ;S
Sainte-Foy;Sainte-Foy;Z e sp
St-Gall;St-Gall;S
Saint-Gall;Saint-Gall;Z e sp
Saint-Gaudens;Saint-Gaudens;Z e sp
Saint-Gingolph;Saint-Gingolph;Z e sp
Saint-Imier;Saint-Imier;Z e sp
St-Gaudens;St-Gaudens;S
St-Gingolph;St-Gingolph;S
St-Imier;St-Imier;S
Saint-Jory;Saint-Jory;Z e sp
St-Lô;St-Lô;S
St-Malo;St-Malo;S
St-Merri;St-Merri;S
St-Pétersbourg;St-Pétersbourg;S
St-Quay;St-Quay;S
St-Sulpice;St-Sulpice;S
St-Tropez;St-Tropez;S
New-Yorkais;New-Yorkais;N m s
New-Yorkaise;New-Yorkais;N f s
New-Yorkaises;New-Yorkais;N f p
St-Émilion;St-Émilion;S
back-end;back-end;N m sp
check-out;check-out;N m sp
front-end;front-end;N m sp
houlà;houlà;I
programme-cadre;programme-cadre;N m s
programmes-cadres;programme-cadre;N m p
plan-cadre;plan-cadre;N m s
plans-cadres;plan-cadre;N m p
entente-cadre;entente-cadre;N m s
ententes-cadres;entente-cadre;N m p
Jupiter;Jupiter;Z f sp
Neptune;Neptune;Z f sp
Saturne;Saturne;Z f sp
Uranus;Uranus;Z f sp
Orion;Orion;Z f sp
Jupiter;Jupiter;Z m sp
Neptune;Neptune;Z m sp
Saturne;Saturne;Z m sp
Uranus;Uranus;Z m sp
Orion;Orion;Z m sp
accords-cadres;accord-cadre;N m p
accord-cadre;accord-cadre;N m s
mal-être;mal-être;N m sp
Poiret;Poiret;Z e sp
Éluard;Éluard;Z e sp
Bovary;Bovary;Z e sp
sex-symbol;sex-symbol;N e s
sex-symbols;sex-symbol;N e p
PECO;PECO;Z e sp
après-shampoing;après-shampoing;N m s
après-shampoing;après-shampoing;N m p
après-shampooing;après-shampooing;N m s
après-shampooing;après-shampooing;N m p
double-face;double-face;N f s
double-face;double-face;J e s
doubles-faces;double-face;N f p
doubles-faces;double-face;J e p
e-banking;e-banking;N e sp
e-commercants;e-commercant;N m p
e-commercantes;e-commercant;N f p
e-commercante;e-commercant;N f s
e-commercant;e-commercant;N f s
cow-girl;cow-girl;N f s
cow-girls;cow-girl;N f p
cowgirl;cowgirl;N f s
cowgirls;cowgirl;N f p
achat-revente;achat-revente;N f sp
acteur-réseau;acteur-réseau;N e sp
afro-arabe;afro-arabe;J e s
afro-arabes;afro-arabe;J e p
afro-latine;afro-latine;J e s
afro-latines;afro-latine;J e p
agence-conseil;agence-conseil;N f s
agences-conseils;agence-conseil;N f p
arrière-arrière-petit-fils;arrière-arrière-petit-fils;N m s
arrière-arrière-grand-père;arrière-arrière-grand-père;N m s
arrière-grands-parents;arrière-grands-parents;N e sp
art-thérapie;art-thérapie;N f s
attentats-suicides;attentats-suicides;N m p
attentat-suicide;attentat-suicide;N m s
attrape-rêves;attrape-rêves;N m sp
auteur-compositeur;auteur-compositeur;N m s
auteurs-compositeurs;auteur-compositeur;N m p
auteure-compositrice;auteur-compositeur;N f s
auteures-compositrices;auteur-compositeur;N f p
bas-normand;bas-normand;J m s
bas-normands;bas-normand;J m p
bas-normande;bas-normand;J f s
bas-normandes;bas-normand;J f p
cabernet-sauvignon;cabernet-sauvignon;N m sp
capital-actions;capital-actions;N m sp
carte-cadeau;carte-cadeau;N f s
cartes-cadeaux;carte-cadeau;N f p
centre-gauche;centre-gauche;N e sp
centre-droit;centre-droit;N e sp
chasseurs-cueilleurs;chasseur-cueilleur;N m p
chasseur-cueilleur;chasseur-cueilleur;N m s
chauffeur-livreur;chauffeur-livreur;N m s
chauffeurs-livreurs;chauffeur-livreur;N m p
chèque-cadeau;chèque-cadeau;N m s
chèques-cadeaux;chèque-cadeau;N m p
chèque-voyage;chèque-voyage;N m s
chèques-voyages;chèque-voyage;N m p
chèque-repas;chèque-repas;N m s
chèques-repas;chèque-repas;N m p
clocher-porche;clocher-porche;N m s
clochers-porches;clocher-porche;N m p
contre-offre;contre-offre;N f s
contre-offres;contre-offre;N f p
contre-argumentaire;contre-argumentaire;N m s
contre-argumentaires;contre-argumentaire;N m p
contre-argument;contre-argument;N m s
contre-arguments;contre-argument;N m p
contre-argumentation;contre-argumentation;N f s
contre-argumentations;contre-argumentation;N f p
contes-types;conte-type;N m p
conte-type;conte-type;N m s
contre-analyse;contre-analyse;N f s
contre-analyses;contre-analyse;N f p
contre-don;contre-don;N m s
contre-modèle; contre-modèle;N m s
contre-modèles; contre-modèle;N m p
copie-colle;copie-colle;V ind pres 1 s
copie-colle;copie-colle;V ind pres 3 s
fou-rire;fou-rire;N m s
fou-rires;fou-rire;N m p
fourire;fourire;N m s
fourires;fourire;N m p
physique-chimie;physique-chimie; N f sp
tout-en-un;tout-en-un;N m sp
trace-lettre;trace-lettre;N m s
trace-lettres;trace-lettre;N m p
orang-outan;orang-outan;N m s
orang-outans;orang-outan; N m p
logic-immo;logic-immo;Z e sp
Conjuring;Conjuring;Z e sp
ci-bas;ci-bas;A
Holbein;Holbein;Z e sp
Houssaye;Houssaye;Z e sp
Pothier;Pothier;Z e sp
TICE;TICE;S
CECRL;CECRL;S
Macbeth;Macbeth;Z e sp
asyntaxique;asyntaxique;J e s
asyntaxiques;asyntaxique;J e p
OIF;OIF;S
Transvision;Transvision;Z e sp
transpersonnel;transpersonnel;J m s
transpersonnels;transpersonnel;J m p
transpersonnelle;transpersonnel;J f s
transpersonnelles;transpersonnel;J f p
Shrek;Shrek;Z e sp
sakura;sakura;N e sp
Polak;Polak;Z e sp
Pika;Pika;Z e sp
multisport;multisport;J e sp
multipales;multipales;J e sp
Matrix;Matrix;Z e sp
Mango;Mango;Z e sp
OHADA;OHADA;Z e sp
OAS;OAS;S
ICRC;ICRC;S
Euroland;Euroland;Z e sp
IPPF;IPPF;S
AEE;AEE;S
league;league;N e sp
Hadopi;Hadopi;Z e sp
Farmer;Farmer;Z e sp
Essaouira;Essaouira;Z e sp
Ogasawara;Ogasawara;Z e sp
Ossau;Ossau;Z e sp
Canebière;Canebière;Z e sp
Yoplait;Yoplait;Z e sp
Yamada;Yamada;Z e sp
Wyatt;Wyatt; Z e sp
Wright;Wright; Z e sp
Winter;Winter; Z e sp
Wilks;Wilks;Z e sp
West;West;Z e sp
Woofing;Woofing;Z e sp
Véran;Véran;Z e sp
Venel;Venel;Z e sp
UDF;UDF;Z e sp
Tyr;Tyr;Z e sp
Twilight;Twilight;Z e sp
Times;Times;Z e sp
Thorne;Thorne;Z e sp
Teissier;Teissier;Z e sp
Stewart;Stewart;Z e sp
Stardust;Stardust;Z e sp
Sorano;Sorano;Z e sp
Solaris;Solaris;Z e sp
Skyscanner;Skyscanner;Z e sp
Sall;Sall;Z e sp
Rushdie;Rushdie;Z e sp
Romus;Romus;Z e sp
Ramsay;Ramsay;Z e sp
Rion;Rion;Z e sp
Popov;Popov;Z e sp
Piot;Piot;Z e sp
Perry;Perry;Z e sp
Pattaya;Pattaya;Z e sp
PMI;PMI;S
PGCE;PGCE;S
PESC;PESC;S
ortho;ortho;S
Nostradamus;Nostradamus;Z e sp
Niang;Niang;Z e sp
NSO;NSO;S
Murano;Murano;Z e sp
Montmirail;Montmirail;Z e sp
Monteil;Monteil;Z e sp
Mollier;Mollier;Z e sp
Mocha;Mocha;Z e sp
Maurier;Maurier;Z e sp
Maule;Maule;Z e sp
Masson;Masson;Z e sp
Mahey;Mahey;Z e sp
Macias;Macias;Z e sp
MAAF;MAAF;Z e sp
Lush;Lush;Z e sp
Ludo;Ludo;Z e sp
Loisel;Loisel;Z e sp
Lockhart;Lockhart;Z e sp
Lifestyle;Lifestyle;Z e sp
Leucate;Leucate;Z e sp
Lamy;Lamy;Z e sp
Kenyon;Kenyon;Z e sp
Julliard;Julliard;Z e sp
Joly;Joly;Z e sp
Intruder;Intruder;Z e sp
Intermedis;Intermedis;Z e sp
Huang;Huang;Z e sp
Hook;Hook;Z e sp
Hill;Hill;Z e sp
Haworth;Haworth;Z e sp
Hanus;Hanus;Z e sp
Gérin;Gérin;Z e sp
Goutal;Goutal;Z e sp
Gotham;Gotham;Z e sp
Gibson;Gibson;Z e sp
Gaskell;Gaskell;Z e sp
Fulop;Fulop;Z e sp
Fillon;Fillon;Z e sp
FNARS;FNARS;S
Didon;Didon;Z e sp
Delporte;Delporte;Z e sp
Cunningham;Cunningham;Z e sp
Cullen;Cullen;Z e sp
Coretti;Coretti;Z e sp
Cixi;Cixi;Z e sp
Chen;Chen;Z e sp
Brillon;Brillon;Z e sp
Brassens;Brassens;Z e sp
Bousquet;Bousquet;Z e sp
Beaudevin;Beaudevin;Z e sp
Barthès;Barthès;Z e sp
Barker;Barker;Z e sp
Babelio;Babelio;Z e sp
Arena;Arena;Z e sp
bourrina;bourriner;V ind psim 3 s
bourrinai;bourriner;V ind psim 1 s
bourrinaient;bourriner;V ind impa 3 p
bourrinais;bourriner;V ind impa 1 s
bourrinais;bourriner;V ind impa 2 s
bourrinait;bourriner;V ind impa 3 s
bourrinant;bourriner;V ppr
bourrinas;bourriner;V ind psim 2 s
bourrinasse;bourriner;V sub impa 1 s
bourrinassent;bourriner;V sub impa 3 p
bourrinasses;bourriner;V sub impa 2 s
bourrinassiez;bourriner;V sub impa 2 p
bourrinassions;bourriner;V sub impa 1 p
bourrine;bourriner;V imp pres 2 s
bourrine;bourriner;V ind pres 1 s
bourrine;bourriner;V ind pres 3 s
bourrine;bourriner;V sub pres 1 s
bourrine;bourriner;V sub pres 3 s
bourrinent;bourriner;V ind pres 3 p
bourrinent;bourriner;V sub pres 3 p
bourriner;bourriner;V inf
bourrinera;bourriner;V ind futu 3 s
bourrinerai;bourriner;V ind futu 1 s
bourrineraient;bourriner;V con pres 3 p
bourrinerais;bourriner;V con pres 1 s
bourrinerais;bourriner;V con pres 2 s
bourrinerait;bourriner;V con pres 3 s
bourrineras;bourriner;V ind futu 2 s
bourrinerez;bourriner;V ind futu 2 p
bourrineriez;bourriner;V con pres 2 p
bourrinerions;bourriner;V con pres 1 p
bourrinerons;bourriner;V ind futu 1 p
bourrineront;bourriner;V ind futu 3 p
bourrines;bourriner;V ind pres 2 s
bourrines;bourriner;V sub pres 2 s
bourrinez;bourriner;V imp pres 2 p
bourrinez;bourriner;V ind pres 2 p
bourriniez;bourriner;V ind impa 2 p
bourriniez;bourriner;V sub pres 2 p
bourrinions;bourriner;V ind impa 1 p
bourrinions;bourriner;V sub pres 1 p
bourrinons;bourriner;V imp pres 1 p
bourrinons;bourriner;V ind pres 1 p
bourrinâmes;bourriner;V ind psim 1 p
bourrinât;bourriner;V sub impa 3 s
bourrinâtes;bourriner;V ind psim 2 p
bourrinè;bourriner;V ind pres 1 s
bourrinèrent;bourriner;V ind psim 3 p
bourriné;bourriner;J m s
bourriné;bourriner;V ppa m s
bourrinée;bourriner;J f s
bourrinée;bourriner;V ppa f s
bourrinées;bourriner;J f p
bourrinées;bourriner;V ppa f p
bourrinés;bourriner;J m p
bourrinés;bourriner;V ppa m p
Walker;Walker;Z e sp
Outlook;Outlook;Z e sp
Gmail;Gmail;Z e sp
Overleaf;Overleaf;Z e sp
fic;fic;S
flic;flic;N e s
Numbers;Numbers;Z e sp
Neuro;Neuro;Z e sp
CUI;CUI;Z e sp
CAE;CAE;Z e sp
Danzig;Danzig;Z e sp
Lesser;Lesser;Z e sp
ULB;ULB;Z e sp
iOS;iOS;Z e sp
Smecta;Smecta;Z e sp
Prozac;Prozac;Z e sp
fluoxétine;fluoxétine;N f sp
Kenyatta;Kenyatta; Z e sp
Borne;Borne;Z e sp
BEI;BEI;S
Imaginarium;Imaginarium;Z e sp
WTF;WTF;S
sensei;sensei;N e sp
contre-nature;contre-nature;J e sp
CDE;CDE;S
Pepper;Pepper;Z e sp
MILF;MILF;S
Moldu;Moldu;Z e sp
contrindication;contreindication;N f s
contrindications;contreindication;N f p
sinon;sinon;A
moyen-métrage;moyen-métrage;N m s
moyens-métrages;moyen-métrage;N m s
contre-forme;contre-forme;N f s
contre-moules;contre-moule;N m p
contre-moule;contre-moule;N m s
contre-guérilla;contre-guérilla;N f s
contre-achats;contre-achat;N m p
contre-acculturation;contre-acculturation;N f s
contre-électomoteurs;contre-électomoteur;N m p
contre-écharnages;contre-écharnage;N e p
contre-changement;contre-changement;N m s
contre-fruit;contre-fruit;N m s
contre-moulages;contre-moulage;N m p
contre-guérillas;contre-guérilla;N f p
contre-écharnage;contre-écharnage;N e s
contre-alizées;contre-alizée;N m p
contre-acculturations;contre-acculturation;N f p
contre-dénontiation;ontre-dénontiation;N f s
contre-alizée;contre-alizée;N m s
contre-électomoteur;contre-électomoteur;N m s
contre-formes;contre-forme;N f p
contre-accusation;contre-accusation;N f s
contre-dépouille;contre-dépouille;N f s
contre-garde;contre-garde;N m s
contre-sens;contre-sens;N m sp
contre-mailles;contre-maille;N f p
contre-fossé;contre-fossé;N m s
contre-changements;contre-changement;N m p
contre-bord;contre-bord;A
contre-altistes;contre-altiste;N e p
contre-manoeuvre;contre-manoeuvre;N e s
contre-gardes;contre-garde;N m p
contre-aiguille;contre-aiguille;N m s
contre-fruits;contre-fruit;N m p
contre-maille;contre-maille;N m s
contre-achat;contre-achat;N m s
contre-altiste;contre-altiste;N e s
contre-dépouilles;contre-dépouille;N f p
contre-batteurs;contre-batteur;N m p
contre-étude;contre-étude;N f s
contre-dénontiations;contre-dénontiation;N f p
contre-dons;contre-don;N m p
contre-aiguilles;contre-aiguille;N f p
double-faces;double-face;N f p
contre-fossés;contre-fossé;N m p
contre-études;contre-étude;N f p
contre-batteur;contre-batteur;N m s
contre-expert;contre-expert;N m s
contre-accusations;contre-accusation;N f p
contre-manoeuvres;contre-manoeuvre;N e p
contre-experts;contre-expert;N m p
plein-air;plein-air;N m sp
plein-emploi;plein-emploi;N m sp
plein-jeu;plein-jeu;N m sp
plein-temps;plein-temps;J e sp
plein-temps;plein-temps;N m s
pleins-temps;plein-temps;N m p
plein-vent;plein-vent;N m s
pleins-vents;plein-vent;N m p
pleint-sur-joint;pleint-sur-joint;J e sp
trop-plein;trop-plein;N m s
trop-pleins;trop-plein;N m s
terre-plein;terre-plein;N m s
terre-pleins;terre-plein;N m p
terreplein;terreplein;N m s
pile-poil;pile-poil;A
rebrousse-poil;rebrousse-poil;A
Juppé;Juppé;Z e sp
Lorie;Lorie;Z e sp
Lula;Lula;Z e sp
Lusignan;Lusignan;Z e sp
MOBA;MOBA;Z e sp
Malone;Malone; Z e sp
QSE;QSE;Z e sp
Romy;Romy;Z e sp
Rossi;Rossi;Z e sp
Conforama;Conforama;Z e sp
SRU;SRU;Z e sp
RIC;RIC;Z e sp
AMAP;AMAP;Z e sp
ATOS;ATOS;Z e sp
ERSH;ERSH;Z e sp
primo-ministériel;primo-ministériel;J m s
primo-ministérielle;primo-ministériel;J f s
primo-ministériels;primo-ministériel;J m p
primo-ministérielles;primo-ministériel;J f p
IOP;IOP;Z e sp
AGEFIPH;AGEFIPH;Z e sp
DEBOE;DEBOE;Z e sp
OETH;OETH;Z e sp
Barbie;Barbie;Z e sp
primo-demandeurs;primo-demandeurs;N e p
primo-demandeur;primo-demandeurs;N e s
primo-vaccination;primo-vaccination;N f sp
primo-romancier;primo-romancier;N m s
primo-romanciers;primo-romancier;N m p
éco-organisme;éco-organisme;N e s
éco-organismes;éco-organisme;N e p
Pont-Neuf;Pont-Neuf;Z e sp
Guilbaud;Guilbaud;Z e sp
Reynier;Reynier;Z e sp
Aubry;Aubry;Z e sp
Bosc;Bosc;Z e sp
masterclass;masterclass;N f sp
CD;CD;N m sp
clignotant;clignotant;N m s
clignotants;clignotant;N m p
bienfaisant;bienfaisant;N m s
bienfaisante;bienfaisant;N f s
bienfaisants;bienfaisant;N m p
bienfaisantes;bienfaisant;N f p
follower;follower;N e s
followers;follower;N e p
Kazuko;Kazuko;Z e sp
Kenji;Kenji;Z e sp
Malaurie;Malaurie;Z e sp
Michaëla;Michaëla;Z e sp
agro;agro;S
léchouille;léchouille;N f s
léchouilles;léchouille;N f p
Mbps;Mbps;S
Mentos;Mentos;Z e sp
roadtrip;roadtrip;N m s
roadtrips;roadtrip;N m p
NCI;NCI;S
VAD;VAD;N f s
contremaitre;contremaitre;N e s
add-on;add-on;N m s
add-ons;add-on;N m p
Berzin;Berzin;Z e sp
Boltro;Boltro;Z e sp
Meerwala;Meerwala;Z e sp
Brooks;Brooks;Z e sp
Aragon;Aragon;Z e sp
Atlas;Atlas;Z e sp
Illinois;Illinois;Z e sp
Ibis;Ibis;Z e sp
Cassis;Cassis;Z e sp
Kentucky;Kentucky;Z e sp
Saint-Marin;Saint-Marin;Z e sp
Sakura;Sakura;Z e sp
Yang;Yang;Z e sp
Adobe;Adobe;Z e sp
Bristol;Bristol;Z e sp
Camaïeu;Camaïeu;Z e sp
Harpagon;Harpagon;Z e sp
Hunter;Hunter;Z e sp
Spoutnik;Spoutnik;Z e sp
Cendrillon;Cendrillon;Z e sp
Quasimodo;Quasimodo;Z e sp
bouléguer;bouléguer;V inf
bouléguer;bouléguer;V ppa m s
bouléguée;bouléguer;V ppa f s
boulégués;bouléguer;V ppa m p
bouléguées;bouléguer;V ppa f p
bouléguant;bouléguer;V ppr
boulègue;bouléguer;V ind pres 1 s
boulègues;bouléguer;V ind pres 2 s
boulègue;bouléguer;V ind pres 3 s
bouléguons;bouléguer;V ind pres 1 p
bouléguez;bouléguer;V ind pres 2 p
boulèguent;bouléguer;V ind pres 3 p
boulègue;bouléguer;V sub pres 1 s
boulègues;bouléguer;V sub pres 2 s
boulègue;bouléguer;V sub pres 3 s
bouléguions;bouléguer;V sub pres 1 p
bouléguiez;bouléguer;V sub pres 2 p
boulèguent;bouléguer;V sub pres 3 p
boulèguais;bouléguer;V ind impa 1 s
boulèguais;bouléguer;V ind impa 2 s
boulèguait;bouléguer;V ind impa 3 s
bouléguions;bouléguer;V ind impa 1 p
bouléguiez;bouléguer;V ind impa 2 p
boulèguaient;bouléguer;V ind impa 3 p
boulèguerai;bouléguer;V ind futu 1 s
boulèguerais;bouléguer;V ind futu 2 s
boulèguerait;bouléguer;V ind futu 3 s
bouléguerons;bouléguer;V ind futu 1 p
bouléguerez;bouléguer;V ind futu 2 p
boulègueront;bouléguer;V ind futu 3 p
boulèguai;bouléguer;V ind psim 1 s
boulèguas;bouléguer;V ind psim 2 s
boulègua;bouléguer;V ind psim 3 s
bouléguâmes;bouléguer;V ind psim 1 p
bouléguâtes;bouléguer;V ind psim 2 p
boulèguèrent;bouléguer;V ind psim 3 p
boulèguerais;bouléguer;V con pres 1 s
boulèguerais;bouléguer;V con pres 2 s
boulèguerait;bouléguer;V con pres 3 s
bouléguerions;bouléguer;V con pres 1 p
boulégueriez;bouléguer;V con pres 2 p
boulègueraint;bouléguer;V con pres 3 p
bouléguasse;bouléguer;V sub impa 1 s
bouléguasses;bouléguer;V sub impa 2 s
bouléguerât;bouléguer;V sub impa 3 s
bouléguassions;bouléguer;V sub impa 1 p
bouléguassiez;bouléguer;V sub impa 2 p
bouléguassent;bouléguer;V sub impa 3 p
boulègue;bouléguer;V imp pres 1 s
bouléguons;bouléguer;V imp pres 1 p
bouléguez;bouléguer;V imp pres 2 p
crème;crème;N f s
com;com;N e s
com;com;N e p
Newbery;Newbery;Z e sp
Terrasson;Terrasson;Z e sp
É.-U.;É.-U.;S
π;π;S
doc;doc;N m s
DPJ; DPJ;S
vol.;vol.;S
ex.;ex.;S
VAD;VAD;S
BOA;BOA;S
c.-à-d.;c.-à-d.;S
COS;COS;S
sec;sec;N f s
NL;NL;S
ILS;ILS;S
doc;doc;N f s
Aigues-Mortes;Aigues-Mortes;Z e sp
Ambleville;Ambleville;Z e sp
Andernos-les-Bains;Andernos-les-Bains;Z e sp
Argentat;Argentat;Z e sp
Bafoussam;Bafoussam;Z e sp
B-Ball;B-Ball;Z e sp
Bazin;Bazin;Z e sp
Benali;Benali;Z e sp
Benamou;Benamou;Z e sp
Bingley;Bingley;Z e sp
Bernheim;Bernheim;Z e sp
Bodin;Bodin;Z e sp
Bonville;Bonville;Z e sp
Bournemouth;Bournemouth;Z e sp
Brantôme;Brantôme;Z e sp
Brunel;Brunel;Z e sp
Cambo;Cambo;Z e sp
Canet-en-Roussillon;Canet-en-Roussillon;Z e sp
Cartigny;Cartigny;Z e sp
Centany;Centany;Z e sp
Century;Century;Z e sp
Champigny;Champigny;Z e sp
Chassieu;Chassieu;Z e sp
Colcott ;Colcott ;Z e sp
Chanteloup-les-Vignes;Chanteloup-les-Vignes;Z e sp
Crozon;Crozon;Z e sp
Darcy;Darcy;Z e sp
Canet;Canet;Z e sp
Castets;Castets;Z e sp
Caylus;Caylus;Z e sp
Champigny;Champigny;Z e sp
Débora;Débora;Z e sp
Dudley;Dudley;Z e sp
Dullin;Dullin;Z e sp
Esley;Esley;Z e sp
Fanka;Fanka;Z e sp
Fongrave;Fongrave;Z e sp
Fortuna;Fortuna;Z e sp
Fresnoy-le-Luat;Fresnoy-le-Luat;Z e sp
Giverny;Giverny;Z e sp
Grey;Grey;Z e sp
Hashimoto;Hashimoto;Z e sp
Z-Hen;Z-Hen;Z e sp
Hoshino;Hoshino;Z e sp
Hunt;Hunt;Z e sp
Ito;Ito;Z e sp
Ivry-sur-Seine;Ivry-sur-Seine;Z e sp
Jarvis;Jarvis;Z e sp
Kato;Kato;Z e sp
Kinoshita;Kinoshita;Z e sp
Koh;Koh;Z e sp
Konni;Konni;Z e sp
Madelon;Madelon;Z e sp
Marbel;Marbel;Z e sp
Martelly;Martelly;Z e sp
Michon;Michon;Z e sp
Minorque;Minorque;Z e sp
Moliets;Moliets;Z e sp
Moret;Moret;Z e sp
Mézin;Mézin;Z e sp
Naxos;Naxos;Z e sp
Nicholls;Nicholls;Z e sp
Nicholson;Nicholson;Z e sp
Parker;Parker;Z e sp
Pellegrini;Pellegrini;Z e sp
Plazanet;Plazanet;Z e sp
Portillo;Portillo;Z e sp
Quetigny;Quetigny;Z e sp
Rothenthurm;Rothenthurm;Z e sp
Santone;Santone;Z e sp
Soarez;Soarez;Z e sp
Takada;Takada;Z e sp
Tamura;Tamura;Z e sp
Tanabe;Tanabe;Z e sp
Tanaka;Tanaka;Z e sp
Stevens;Stevens;Z e sp
Sévérac;Sévérac;Z e sp
Tanda;Tanda;Z e sp
Villiers-lès-Aprey;Villiers-lès-Aprey;Z e sp
Vias;Vias;Z e sp
Wei;Wei;Z e sp
Wilder;Wilder;Z e sp
Yoshida;Yoshida;Z e sp
ETP;ETP;S
HSPA;HSPA;S
Wriggles;Wriggles;Z e sp
RAN;RAN;S
CF;CF;S
inter-entreprises;inter-entreprise;J e p
contre-moulage;contre-moulage;N m s
contre-moulages;contre-moulage;N m p
contremoulage;contremoulage;N m s
contremoulages;contremoulage;N m p
Notre-Dame-des-Naufragés;Notre-Dame-des-Naufragés;Z e sp
Dropbox;Dropbox;Z f sp
PI;PI;N f sp
RIA;RIA;N m sp
CTA;CTA;N m sp
CPI;CPI;N m sp
PMA;PMA;N m sp
IceCube;IceCube;Z e sp
Broadview;Broadview;Z e sp
Yi;Yi;Z e sp
Yami;Yami;Z e sp
Wordans;Wordans;Z e sp
Moshi;Moshi;Z e sp
Mahi;Mahi;Z e sp
Macton;Macton;Z e sp
Ishi;Ishi;Z e sp
Holika;Holika;Z e sp
Hailey;Hailey;Z e sp
Carolles;Carolles;Z e sp
Baden;Baden;Z e sp
Asics;Asics;Z e sp
Rudyard;Rudyard;Z e sp
c.-à-d.;c.-à-d.;S
dim.;dimanche;S
lun.;lundi;S
mar.;mardi;S
mer.;mercredi;S
jeu.;jeudi;S
ven.;vendredi;S
sam.;samedi;S
réf.;référence;S
off.;office;S
méta-description;méta-description;N f sp
ROI;ROI;S
DA;DA;S
POE;POE;N f s
TG;TG;N f s
SIR;SIR;N f s
GRETA;GRETA;S
Puma;Puma;S
PO;PO;S
Miyabi;Miyabi;Z e sp
couvre-caisse;couvre-caisse;N m s
couvre-caisses;couvre-caisse;N m p
A. D.;A. D.;S
s.d.;s.d.;S
s.é.;s.é.;S
s.l.;s.l.;S
s.l.n.é.;s.l.n.é.;S
s.p.;s.p.;S
Auxerre;Auxerre;Z e sp
Sté;Sté;S
AID;AID;N m sp
ALE;ALE;N m sp
AOC;AOC;N f sp
ATME;ATME;N m sp
BCG;BCG;N m sp
BIRD;BIRD;N f sp
c.a.;c.a.;S
CIDP;CIDP;N m sp
CIO;CIO;N m sp
CLO;CLO;N m sp
CNA;CNA;N m sp
CROP;CROP;N m sp
FF;FF;T m sp
HTTP;HTTP;N m sp
ltée;ltée;S
NAS;NAS;S
NDA;NDA;N f sp
NDLR;NDLR;N f sp
OEA;OEA;N f sp
OPA;OPA;N f sp
OPEP;OPEP;N f sp
OTASE;OTASE;N f sp
OUA;OUA;N f sp
RSVP;RSVP;S
S.A.I.R.; S.A.I.R.;T e sp
SAIR;SAIR;T e sp
S.A.I.; S.A.I.;T e sp
SAI;SAI;T e sp
S. A. R.;S. A. R.;T e sp
SAR;SAR;T e sp
SFI;SFI;N f sp
SMI;SMI;T e sp
SMR;SMR;T e sp
SH;SH;T e sp
S.H.;S.H.;T e sp
SIG;SIG;N m sp
Srs;Srs;T f p
Sr;Sr;T f s
UPI;UPI;N f sp
UPU;UPU;N f sp
svp;svp;S
stp;stp;S
Sᵗ;Sᵗ;T m s
DEA;DEA;N f sp
TC;TC;N f sp
ANSES;ANSES;N f sp
Ray-Ban;Ray-Ban;Z e sp
XPress;XPress;Z e sp
VTTistes;VTTiste;N e p
VTTiste;VTTiste;N e s
UMons;UMons;S
Rpistes;Rpistes;Z e sp
ouiste;ouiste;N e s
ouistes;ouiste;N e p
Novopress;Novopress;Z e sp
II;II;Y
IFprofs;IFprofs;Z e sp
EE;EE;S
DATAComSys;DATAComSys;Z e sp
CSERS;CSERS;S
CSeries;CSeries;Z e sp
CNews;CNews;Z e sp
CBeebies;CBeebies;Z e sp
chablons;chablons;N m p
ACU;ACU;Z f sp
AEP;AEP;Z f sp
APE;APE;Z f sp
AVP;AVP;Z f sp
CCA;CCA;Z e sp
CDL;CDL;Z e sp
CHR;CHR;Z e sp
CTR;CTR;Z e sp
DCA;DCA;N f sp
DEC;DEC;N m sp
DEM;DEM;N m sp
DIU;DIU;N m sp
DMI;DMI;N m sp
ERD;ERD;N e sp
ESS;ESS;N f sp
FAL;FAL;N m sp
FAP;FAP;N m sp
FCF;FCF;N e sp
FDP;FDP;N e sp
FFI;FFI;N f sp
FUB;FUB;N f sp
GAM;GAM;N m sp
GDV;GDV;N e sp
GEM;GEM;N e sp
GHT;GHT;N e sp
GRR;GRR;N m sp
GZD;GZD;N e sp
HHI;HHI;N e sp
HOG;HOG;N e sp
IES;IES;N f sp
ITI;ITI;N e sp
JCA;JCA;N f sp
JRR;JRR;N e sp
JSA;JSA;N e sp
JSP;JSP;N e sp
LET;LET;N e sp
LLC;LLC;N e sp
LOF;LOF;N e sp
MAB;MAB;N e sp
MMS;MMS;N e sp
NAP;NAP;N e sp
NRC;NRC;N e sp
ORA;ORA;N e sp
PDA;PDA;N e sp
PNL;PNL;N e sp
POA;POA;N e sp
PUG;PUG;N m sp
RBA;RBA;N e sp
SEI;SEI;N e sp
SEM;SEM;N e sp
SLU;SLU;N f sp
TAT;TAT;N m sp
VRD;VRD;N f sp
WIP;WIP;N e sp
div;div;N e sp
BEPC;BECP;N m sp
BGSI;BGSI;N f sp
CACP;CACP;N f sp
CCCF;CCCF;N f sp
CMCN;CMCN;N m sp
CPAM;CPAM;N f sp
DSCI;DSCI;N m sp
EETS;EETS;N f sp
EFMO;EFMO;N m sp
EMDR;EMDR;N f sp
EMPA;EMPA;N f sp
FREI;FREI;N e sp
NOVA;NOVA;Z e sp
SECO;SECO;N f sp
SHAB;SHAB;N f sp
TCBL;TCBL;N e sp
TFMO;TFMO;N e sp
TREC;TREC;N e sp
TRIK;TRIK;N e sp
ABPV;ABPV;N f sp
ACAB;ACAB;N e sp
ACCA;ACCA;N f sp
ADDP;ADDP;N f sp
AEFE;AEFE;N f sp
AFBF;AFBF;N f sp
ALSH;ALSH;N f sp
AMSU;AMSU;N e sp
AMUB;AMUB;N e sp
AOSE;AOSE;N e sp
APES;APES;N f sp
ATGA;ATGA;N f sp
BFBP;BFBP;N f sp
BGSI;BGSI;N f sp
BMHN;BMHN;N e sp
CARL;CARL;N e sp
CASU;CASU;N e sp
CCFD;CCFD;N m sp
CEDH;CEDH;N m sp
CIIP;CIIP;N e sp
CMDP;CMDP;N m sp
CQFD;CQFD;S
CTHS;CTHS;N e sp
CVRA;CVRA;N e sp
DADS;DADS;N e sp
DBLE;DBLE;N e sp
DPLG;DPLG;N e sp
EMPA;EMPA;N f sp
EZNA;EZNA;N f sp
FAFA;FAFA;N f sp
FIPA;FIPA;N f sp
GAAR;GAAR;N e sp
HAPA;HAPA;N e sp
LCEN;LCEN;N e sp
LGDJ;LGDJ;N e sp
RAAF;RAAF;N f sp
RGIE;RGIE;N m sp
SWCS;SWCS;N e sp
UIMM;UIMM;N f sp
VDQS;VDQS;N e sp
XANA;XANA;N e sp
collab;collab;N f sp
pr;pr;S
prog;prog;N e sp
sup;sup;N f sp
xD;xD;S
Yuki;Yuki;Z e sp
case;case;N e sp
SEP;SEP;N f sp
RTT;RTT;N m sp
EVA;EVA;N f sp
TCD;TCD;N m sp
ÉTS;ÉTS;N e sp
SST;SST;N f sp
Grisolles;Grisolles;Z e sp
Yuan;Yuan;Z e sp
CEDH;CEDH;N f sp
SUP;SUP;N m sp
sup;sup;N e sp
compète;compète;N f s
compètes;compète;N f p
range;range;N e sp
commandite;commandite;N f s
Mimie;Mimie;Z e sp
Bouvigny-Boyeffles;Bouvigny-Boyeffles;Z e sp
Cavani;Cavani;Z e sp
Spengler;Spengler;Z e sp
Lapeyre;Lapeyre;Z e sp
Wildenstein;Wildenstein;Z e sp
Wallerstein;Wallerstein;Z e sp
Rothenstein;Rothenstein;Z e sp
Duravel;Duravel;Z e sp
Duhamel;Duhamel;Z e sp
Moldu;Moldu;Z e sp
Moldus;Moldu;Z e sp
Albus;Albus;Z e sp
Malfoy;Malfoy;Z e sp
Illia;Illia;Z e sp
je-m'en-foutiste;je-m'en-foutiste;S
axions;axions;N m p
moulons;moulon;N m p
moulon;moulon;N m s
Pictons;Pictons;Z e sp
Agnelons;Agnelons;Z e sp
Terrons;Terrons;Z e sp
furetons;fureton;N m p
fureton;fureton;N m s
Forons;Forons;Z e sp
magnons;magnon;N m p
magnon;magnon;N m s
casserons;casserons;N m p
godons;godon;N m p
godon;godon;N m s
grime;grime;N m s
Valais;Valais;Z e sp
Note;Note;Z m sp
Note;Note;N f s
Ain;Ain;Z e sp
écoute-bébé;écoute-bébé;N m s
écoute-bébés;écoute-bébé;N m p
serre-cuisse;serre-cuisse;N m s
serre-cuisses;serre-cuisse;N m p
Nexus;Nexus;Z m sp
SUP;SUP;N m sp
SIG;SIG;N f sp
tech;technicien;N e sp
LOB;LOB;N f sp
NDA;NDA;N m sp
GAM;GAM;N f sp
New-Yorkais;New-Yorkais;N m sp
FAC;FAC;N e sp
DIT;DIT;N f sp
CEDH;CEDH;N f sp
NUS;NUS;N f sp
Fév;Fév;S
Mar;Mar;Z e sp
ISEOR;ISEOR;S
Kiki;Kiki;Z e sp
Méhari;Méhari;Z f sp
download;download;N e sp
anti;anti;A
player;player;N e s
name;name;N e s
names;name;N e p
is;is;S
Morizet;Morizet;Z e sp
Lingons;Lingons;Z e sp
Hiis;Hiis;Z e sp
Haisnes;Haisnes;Z e sp
BOBD;BOBD;S
players;player;N e p
2de;2de;J e sp
2ᵈ;2ᵈ;J e sp
Lolo;Lolo;Z f sp
GBP;GBP;N m sp
Neptune;Neptune;Z m sp
PTS;PTS;N f sp
LM;LM;N f sp
SEC;SEC;N m sp
RFC;RFC;N m sp
régule;régulation;N f s
FAR;FAR;N e sp
home;home;N f sp
clic-clac;clic-clac;N m s
clic-clacs;clic-clac;N m p
Nova;Nova;Z m sp
TDF;TDF;N e sp
Rillieux-la-Pape;Rillieux-la-Pape;Z e sp
CCD;CCD;N m sp
BSD;BSD;N m sp
coupe-griffes;coupe-griffes;N m sp
STEP;STEP;N f sp
motion;motion;N e s
REM;REM;N e sp
sales;sales;N e sp
Concorde;Concorde;Z m sp
RIPE;RIPE;Z e sp
Dept;Dept;Z e sp
ENREG;ENREG;S
Mathy;Mathy;Z e sp
ligures;ligures;J e p
Aude;Aude;Z e sp
Autriche;Autriche;Z e sp
Bretagne;Bretagne;Z e sp
Bruant;Bruant;Z e sp
Brésil;Brésil;Z e sp
Gujarat;Gujarat;Z e sp
Carrouf;Carrouf;Z e sp
donf;donf;N e sp
Jennings;Jennings;Z e sp
Farangs;Farang;N m p
rhônalpins;rhônalpins;J m p
rhônalpines;rhônalpins;J f p
politico;politico;J e sp
cliqué;cliqué;V ppa m s
BFQ;BFQ;N m sp
Concorde;Concorde;N f sp
Vogue;Vogue;Z e sp
ratoux;ratoux;N e sp
Coré;Coré;Z m sp
Koré;Koré;Z m sp
MAP;MAP;Z e sp
Dohme;Dohme;Z e sp
Viger;Viger;Z e sp
Cayeux-sur-Mer;Cayeux-sur-Mer;Z e sp
Saint-Palais-sur-Mer;Saint-Palais-sur-Mer;Z e sp
Sanary-sur-Mer;Sanary-sur-Mer;Z e sp
Cagnes-sur-Mer;Cagnes-sur-Mer;Z e sp
Batz-sur-Mer;Batz-sur-Mer;Z e sp
La Seyne-sur-Mer;La Seyne-sur-Mer;Z e sp
Fos-sur-Mer;Fos-sur-Mer;Z e sp
Aiguillon-sur-mer;Aiguillon-sur-mer;Z e sp
La Faute-sur-Mer;La Faute-sur-Mer;Z e sp
Bretignolles-sur-Mer;Bretignolles-sur-Mer;Z e sp
Seyne-Sur-Mer;Seyne-Sur-Mer;Z e sp
complet-veston;complet-veston;N m sp
veston-cravate;veston-cravate;N m sp
costard-cravate;costard-cravate;N m sp
homemade;homemade;N e sp
Saint-Nectaire;Saint-Nectaire;Z e sp
Champaix;Champaix;Z e sp
Grisolles;Grisolles;Z e sp
arcanique;arcanique;J e s
arcaniques;arcanique;J e p
Liham;Liham;Z e sp
Liam;Liam;Z e sp
Orient-Express;Orient-Express;Z e sp
Roi-Soleil;Roi-Soleil;Z e sp
La-Seyne-sur-Mer;La-Seyne-sur-Mer;Z e sp
La-Faute-sur-Mer;La-Faute-sur-Mer;Z e sp
Kosciusko-Morizet;Kosciusko-Morizet;Z e sp
channel;channel;N e s
channels;channel;N e p
Husheima;Husheima;Z e sp
RCA;RCA;Z e sp
Stedman;Stedman;Z e sp
TG;TG;N f sp
Font-Romeu;Font-Romeu;Z e sp
frittons;fritton;N m p
fritton;fritton;N m s
Unelvent;Unelvent;Z e sp
Lamorlaye;Lamorlaye;Z e sp
Auer;Auer;Z e sp
Chaffoteaux;Chaffoteaux;Z e sp
Chappée;Chappée;Z e sp
surprise;surprise;J e s
surprises;surprise;J e p
Corvair;Corvair;Z e sp
Pinel;Pinel;Z e sp
Hauterive;Hauterive;Z e sp
Astorg;Astorg;Z e sp
livre-enquête;livre-enquête;N m s
automesure;automesure;N f s
automesures;automesure;N f p
autoparaphe;autoparaphe;N m s
autoparaphes;autoparaphe;N m p
Aevon;Aevon;Z e sp
chamallow;chamallow;N m s
Maliciouz;Maliciouz;Z e sp
ds;ds;P
Migori;Migori;Z e sp
quart-arrière;quart-arrière;N m s
Fatma;Fatma;Z e sp
Mali;Mali;Z m sp
Afrique;Afrique;Z f sp
Maroc;Maroc;Z m sp
Japon;Japon;Z m sp
Comores;Comores;Z e sp
Parisien;Parisien;Z e sp
Mistral;Mistral;Z e sp
Maryland;Maryland;Z e sp
Mozambique;Mozambique;Z m sp
Mexique;Mexique;Z m sp
Martinique;Martinique;Z f sp
Shandong;Shandong;Z m sp
Sibérie;Sibérie;Z f sp
Monoprix;Monoprix;Z m sp
Espagne;Espagne;Z f sp
Norvège;Norvège;Z f sp
Normandie;Normandie;Z f sp
Cisjordanie;Cisjordanie;Z f sp
France;France;Z f s
Burkina;Burkina;Z e sp
Antigua;Antigua;Z e sp
Bahamas;Bahamas;Z m p
Bahreïn;Bahreïn;Z e sp
Belgique;Belgique;Z f sp
Belize;Belize;Z e sp
Bermudes;Bermudes;Z e sp
Bhoutan;Bhoutan;Z m sp
Biélorussie;Biélorussie;Z f sp
Birmanie;Birmanie;Z f sp
Bolivie;Bolivie;Z f sp
Botswana;Botswana;Z m sp
Brunei;Brunei;Z m sp
Bulgarie;Bulgarie;Z f sp
Burkina;Burkina;Z m sp
Burundi;Burundi;Z m sp
Albanie;Albanie;Z f sp
Algérie;Algérie;Z f sp
Andorre;Andorre;Z f sp
Angola;Angola;Z m sp
Argentine;Argentine;Z f sp
Afghanistan;Afghanistan;Z e sp
Arménie;Arménie;Z f sp
Azerbaïdjan;Azerbaïdjan;Z e sp
Australie;Australie;Z f sp
Angleterre;Angleterre;Z f sp
Palau;Palau;Z e sp
Philippines;Philippines;Z f sp
Qatar;Qatar;Z m sp
Roumanie;Roumanie;N f sp
Tajikistan;Tajikistan;Z e sp
Zimbabwé;Zimbabwé;Z e sp
Samoa;Samoa;Z e sp
Cambodge;Cambodge;Z m sp
Cameroun;Cameroun;Z m sp
Chili;Chili;Z m sp
Chine;Chine;Z f sp
Colombie;Colombie;Z f sp
Congo;Congo;Z m sp
Croatie;Croatie;Z f sp
Danemark;Danemark;Z m sp
Égypte;Égypte;Z f sp
Estonie;Estonie;Z f sp
États-Unis;États-Unis;Z m sp
Fidji;Fidji;Z e sp
Finlande;Finlande;Z f sp
Gabon;Gabon;Z m sp
Gambie;Gambie;Z f sp
Géorgie;Géorgie;Z f sp
Ghana;Ghana;Z m sp
Grèce;Grèce;Z f sp
Groenland;Groenland;Z m sp
Guadeloupe;Guadeloupe;Z f sp
Guatemala;Guatemala;Z m sp
Guinée;Guinée;Z f sp
Guyane;Guyane;Z f sp
Honduras;Honduras;Z e sp
Hongrie;Hongrie;Z f sp
Inde;Inde;Z e sp
Indonésie;Indonésie;Z f sp
Irak;Irak;Z e sp
Iran;Iran;Z e sp
Irlande;Irlande;Z e sp
Islande;Islande;Z e sp
Italie;Italie;Z e sp
Jamaïque;Jamaïque;Z f sp
Jordanie;Jordanie;Z f sp
Kazakhstan;Kazakhstan;Z m sp
Kenya;Kenya;Z m sp
Kirghizstan;Kirghizstan;N m s
Kiribati;Kiribati;N m s
Kosovo;Kosovo;Z m sp
Koweït;Koweït;Z m sp
Barbade;Barbade;Z f sp
Réunion;Réunion;Z f sp
Laos;Laos;Z m sp
Lesotho;Lesotho;Z m sp
Lettonie;Lettonie;Z f sp
Liban;Liban;Z m sp
Liberia;Liberia;Z m sp
Libye;Libye;Z f sp
Liechtenstein;Liechtenstein;Z m sp
Lituanie;Lituanie;Z f sp
Macédoine;Macédoine;Z f sp
Malawi;Malawi;Z m sp
Maldives;Maldives;Z f sp
Mauritanie;Mauritanie;Z f sp
Micronésie;Micronésie;Z f sp
Moldavie;Moldavie;Z f sp
Mongolie;Mongolie;Z f sp
Mozambique;Mozambique;Z m sp
Myanmar;Myanmar;Z m sp
Namibie;Namibie;Z f sp
Népal;Népal;Z m sp
Nicaragua;Nicaragua;Z m sp
Niger;Niger;Z m sp
Nigeria;Nigeria;Z m sp
Nouvelle-Calédonie;Nouvelle-Calédonie;Z f sp
Nouvelle-Zélande;Nouvelle-Zélande;Z f sp
Oman;Oman;Z m sp
Ouganda;Ouganda;Z m sp
Ouzbékistan;Ouzbékistan;Z m sp
Pakistan;Pakistan;Z m sp
Panama;Panama;Z m sp
Papouasie;Papouasie;Z f sp
Paraguay;Paraguay;Z m sp
Pays-Bas;Pays-Bas;N m p
Pérou;Pérou;Z m sp
Pologne;Pologne;Z f sp
Polynésie;Polynésie;Z f sp
Qatar;Qatar;Z m sp
Tanzanie;Tanzanie;Z f sp
Tchad;Tchad;Z m sp
Togo;Togo;Z m sp
Tunisie;Tunisie;Z f sp
Turkménistan;Turkménistan;Z m sp
Turquie;Turquie;Z f sp
Tuvalu;Tuvalu;Z f sp
Ukraine;Ukraine;Z f sp
Uruguay;Uruguay;Z m sp
Vanuatu;Vanuatu;Z e sp
Vatican;Vatican;Z m sp
Venezuela;Venezuela;Z m sp
Vietnam;Vietnam;Z m sp
Yougoslavie;Yougoslavie;Z f sp
Zambie;Zambie;Z f sp
Vanuatu;Vanuatu;Z e sp
Sénégal;Sénégal;Z m sp
Seychelles;Seychelles;Z f sp
Slovaquie;Slovaquie;Z f sp
Slovénie;Slovénie;Z f sp
Somalie;Somalie;Z f sp
Soudan;Soudan;Z m sp
Suède;Suède;Z f sp
Suisse;Suisse;Z f sp
Surinam;Surinam;Z m sp
Svalbard;Svalbard;Z m sp
Swaziland;Swaziland;Z m sp
Syrie;Syrie;Z f sp
Vénézuéla;Vénézuéla;Z e sp
Pays-bas;Pays-Bas;Z e sp
trav;trav;S
amazing;amazing;N e sp
failli;failli;V ppa m s